no,name,figure,type1,type2,sex,height,weight,class,char1,char2,image
0001,이상해씨,, 풀, 독,남/여,0.7m,6.9kg,씨앗포켓몬,심록, 
0002,이상해풀,, 풀, 독,남/여,1.0m,13.0kg,씨앗포켓몬,심록, 
0003,이상해꽃,, 풀, 독,남/여,2.0m,100.0kg,씨앗포켓몬,심록, 
0003,메가이상해꽃,, 풀, 독,남/여,2.4m,155.5kg,씨앗포켓몬,두꺼운지방, 
0003,이상해꽃,거다이맥스의 모습, 풀, 독,남/여,24.0m~,???.?kg,씨앗포켓몬,심록, 
0004,파이리,, 불꽃,,남/여,0.6m,8.5kg,도롱뇽포켓몬,맹화, 
0005,리자드,, 불꽃,,남/여,1.1m,19.0kg,화염포켓몬,맹화, 
0006,리자몽,, 불꽃, 비행,남/여,1.7m,90.5kg,화염포켓몬,맹화, 
0006,메가리자몽X,, 불꽃, 드래곤,남/여,1.7m,110.5kg,화염포켓몬,단단한발톱, 
0006,메가리자몽Y,, 불꽃, 비행,남/여,1.7m,100.5kg,화염포켓몬,가뭄, 
0006,리자몽,거다이맥스의 모습, 불꽃, 비행,남/여,28.0m~,???.?kg,화염포켓몬,맹화, 
0007,꼬부기,, 물,,남/여,0.5m,9.0kg,꼬마거북포켓몬,급류, 
0008,어니부기,, 물,,남/여,1.0m,22.5kg,거북포켓몬,급류, 
0009,거북왕,, 물,,남/여,1.6m,85.5kg,껍질포켓몬,급류, 
0009,메가거북왕,, 물,,남/여,1.6m,101.1kg,껍질포켓몬,메가런처, 
0009,거북왕,거다이맥스의 모습, 물,,남/여,25.0m~,???.?kg,껍질포켓몬,급류, 
0010,캐터피,, 벌레,,남/여,0.3m,2.9kg,애벌레포켓몬,인분, 
0011,단데기,, 벌레,,남/여,0.7m,9.9kg,번데기포켓몬,탈피, 
0012,버터플,, 벌레, 비행,남/여,1.1m,32.0kg,나비포켓몬,복안, 
0012,버터플,거다이맥스의 모습, 벌레, 비행,남/여,17.0m~,???.?kg,나비포켓몬,복안, 
0013,뿔충이,, 벌레, 독,남/여,0.3m,3.2kg,송충이포켓몬,인분, 
0014,딱충이,, 벌레, 독,남/여,0.6m,10.0kg,번데기포켓몬,탈피, 
0015,독침붕,, 벌레, 독,남/여,1.0m,29.5kg,독벌포켓몬,벌레의알림, 
0015,메가독침붕,, 벌레, 독,남/여,1.4m,40.5kg,독벌포켓몬,적응력, 
0016,구구,, 노말, 비행,남/여,0.3m,1.8kg,아기새포켓몬,날카로운눈,갈지자걸음
0017,피죤,, 노말, 비행,남/여,1.1m,30.0kg,새포켓몬,날카로운눈,갈지자걸음
0018,피죤투,, 노말, 비행,남/여,1.5m,39.5kg,새포켓몬,날카로운눈,갈지자걸음
0018,메가피죤투,, 노말, 비행,남/여,2.2m,50.5kg,새포켓몬,노가드, 
0019,꼬렛,, 노말,,남/여,0.3m,3.5kg,쥐포켓몬,도주,근성
0019,꼬렛,알로라의 모습, 악, 노말,남/여,0.3m,3.8kg,쥐포켓몬,먹보,의욕
0020,레트라,, 노말,,남/여,0.7m,18.5kg,쥐포켓몬,도주,근성
0020,레트라,알로라의 모습, 악, 노말,남/여,0.7m,25.5kg,쥐포켓몬,먹보,의욕
0021,깨비참,, 노말, 비행,남/여,0.3m,2.0kg,아기새포켓몬,날카로운눈, 
0022,깨비드릴조,, 노말, 비행,남/여,1.2m,38.0kg,부리포켓몬,날카로운눈, 
0023,아보,, 독,,남/여,2.0m,6.9kg,뱀포켓몬,위협,탈피
0024,아보크,, 독,,남/여,3.5m,65.0kg,코브라포켓몬,위협,탈피
0025,피카츄,, 전기,,남/여,0.4m,6.0kg,쥐포켓몬,정전기, 
0025,피카츄,거다이맥스의 모습, 전기,,남/여,21.0m~,???.?kg,쥐포켓몬,정전기, 
0026,라이츄,, 전기,,남/여,0.8m,30.0kg,쥐포켓몬,정전기, 
0026,라이츄,알로라의 모습, 전기, 에스퍼,남/여,0.7m,21.0kg,쥐포켓몬,서핑테일, 
0027,모래두지,, 땅,,남/여,0.6m,12.0kg,쥐포켓몬,모래숨기, 
0027,모래두지,알로라의 모습, 얼음, 강철,남/여,0.7m,40.0kg,쥐포켓몬,눈숨기, 
0028,고지,, 땅,,남/여,1.0m,29.5kg,쥐포켓몬,모래숨기, 
0028,고지,알로라의 모습, 얼음, 강철,남/여,1.2m,55.0kg,쥐포켓몬,눈숨기, 
0029,니드런♀,, 독,,여,0.4m,7.0kg,독침포켓몬,독가시,투쟁심
0030,니드리나,, 독,,여,0.8m,20.0kg,독침포켓몬,독가시,투쟁심
0031,니드퀸,, 독, 땅,여,1.3m,60.0kg,드릴포켓몬,독가시,투쟁심
0032,니드런♂,, 독,,남,0.5m,9.0kg,독침포켓몬,독가시,투쟁심
0033,니드리노,, 독,,남,0.9m,19.5kg,독침포켓몬,독가시,투쟁심
0034,니드킹,, 독, 땅,남,1.4m,62.0kg,드릴포켓몬,독가시,투쟁심
0035,삐삐,, 페어리,,남/여,0.6m,7.5kg,요정포켓몬,헤롱헤롱바디,매직가드
0036,픽시,, 페어리,,남/여,1.3m,40.0kg,요정포켓몬,헤롱헤롱바디,매직가드
0037,식스테일,, 불꽃,,남/여,0.6m,9.9kg,여우포켓몬,타오르는불꽃, 
0037,식스테일,알로라의 모습, 얼음,,남/여,0.6m,9.9kg,여우포켓몬,눈숨기, 
0038,나인테일,, 불꽃,,남/여,1.1m,19.9kg,여우포켓몬,타오르는불꽃, 
0038,나인테일,알로라의 모습, 얼음, 페어리,남/여,1.1m,19.9kg,여우포켓몬,눈숨기, 
0039,푸린,, 노말, 페어리,남/여,0.5m,5.5kg,풍선포켓몬,헤롱헤롱바디,승기
0040,푸크린,, 노말, 페어리,남/여,1.0m,12.0kg,풍선포켓몬,헤롱헤롱바디,승기
0041,주뱃,, 독, 비행,남/여,0.8m,7.5kg,박쥐포켓몬,정신력, 
0042,골뱃,, 독, 비행,남/여,1.6m,55.0kg,박쥐포켓몬,정신력, 
0043,뚜벅쵸,, 풀, 독,남/여,0.5m,5.4kg,잡초포켓몬,엽록소, 
0044,냄새꼬,, 풀, 독,남/여,0.8m,8.6kg,잡초포켓몬,엽록소, 
0045,라플레시아,, 풀, 독,남/여,1.2m,18.6kg,꽃포켓몬,엽록소, 
0046,파라스,, 벌레, 풀,남/여,0.3m,5.4kg,버섯포켓몬,포자,건조피부
0047,파라섹트,, 벌레, 풀,남/여,1.0m,29.5kg,버섯포켓몬,포자,건조피부
0048,콘팡,, 벌레, 독,남/여,1.0m,30.0kg,곤충포켓몬,복안,색안경
0049,도나리,, 벌레, 독,남/여,1.5m,12.5kg,독나방포켓몬,인분,색안경
0050,디그다,, 땅,,남/여,0.2m,0.8kg,두더지포켓몬,모래숨기,개미지옥
0050,디그다,알로라의 모습, 땅, 강철,남/여,0.2m,1.0kg,두더지포켓몬,모래숨기,컬리헤어
0051,닥트리오,, 땅,,남/여,0.7m,33.3kg,두더지포켓몬,모래숨기,개미지옥
0051,닥트리오,알로라의 모습, 땅, 강철,남/여,0.7m,66.6kg,두더지포켓몬,모래숨기,컬리헤어
0052,나옹,, 노말,,남/여,0.4m,4.2kg,요괴고양이포켓몬,픽업,테크니션
0052,나옹,알로라의 모습, 악,,남/여,0.4m,4.2kg,요괴고양이포켓몬,픽업,테크니션
0052,나옹,가라르의 모습, 강철,,남/여,0.4m,7.5kg,요괴고양이포켓몬,픽업,단단한발톱
0052,나옹,거다이맥스의 모습, 노말,,남/여,33.0m~,???.?kg,요괴고양이포켓몬,픽업,테크니션
0053,페르시온,, 노말,,남/여,1.0m,32.0kg,샴고양이포켓몬,유연,테크니션
0053,페르시온,알로라의 모습, 악,,남/여,1.1m,33.0kg,샴고양이포켓몬,퍼코트,테크니션
0054,고라파덕,, 물,,남/여,0.8m,19.6kg,오리포켓몬,습기,날씨부정
0055,골덕,, 물,,남/여,1.7m,76.6kg,오리포켓몬,습기,날씨부정
0056,망키,, 격투,,남/여,0.5m,28.0kg,돈숭이포켓몬,의기양양,분노의경혈
0057,성원숭,, 격투,,남/여,1.0m,32.0kg,돈숭이포켓몬,의기양양,분노의경혈
0058,가디,, 불꽃,,남/여,0.7m,19.0kg,강아지포켓몬,위협,타오르는불꽃
0058,가디,히스이의 모습, 불꽃, 바위,남/여,0.8m,22.7kg,망보기포켓몬,위협,타오르는불꽃
0059,윈디,, 불꽃,,남/여,1.9m,155.0kg,전설포켓몬,위협,타오르는불꽃
0059,윈디,히스이의 모습, 불꽃, 바위,남/여,2.0m,168.0kg,전설포켓몬,위협,타오르는불꽃
0060,발챙이,, 물,,남/여,0.6m,12.4kg,올챙이포켓몬,저수,습기
0061,슈륙챙이,, 물,,남/여,1.0m,20.0kg,올챙이포켓몬,저수,습기
0062,강챙이,, 물, 격투,남/여,1.3m,54.0kg,올챙이포켓몬,저수,습기
0063,캐이시,, 에스퍼,,남/여,0.9m,19.5kg,초능력포켓몬,싱크로,정신력
0064,윤겔라,, 에스퍼,,남/여,1.3m,56.5kg,초능력포켓몬,싱크로,정신력
0065,후딘,, 에스퍼,,남/여,1.5m,48.0kg,초능력포켓몬,싱크로,정신력
0065,메가후딘,, 에스퍼,,남/여,1.2m,48.0kg,초능력포켓몬,트레이스, 
0066,알통몬,, 격투,,남/여,0.8m,19.5kg,괴력포켓몬,근성,노가드
0067,근육몬,, 격투,,남/여,1.5m,70.5kg,괴력포켓몬,근성,노가드
0068,괴력몬,, 격투,,남/여,1.6m,130.0kg,괴력포켓몬,근성,노가드
0068,괴력몬,거다이맥스의 모습, 격투,,남/여,25.0m~,???.?kg,괴력포켓몬,근성,노가드
0069,모다피,, 풀, 독,남/여,0.7m,4.0kg,꽃포켓몬,엽록소, 
0070,우츠동,, 풀, 독,남/여,1.0m,6.4kg,파리잡이포켓몬,엽록소, 
0071,우츠보트,, 풀, 독,남/여,1.7m,15.5kg,파리잡이포켓몬,엽록소, 
0072,왕눈해,, 물, 독,남/여,0.9m,45.5kg,해파리포켓몬,클리어바디,해감액
0073,독파리,, 물, 독,남/여,1.6m,55.0kg,해파리포켓몬,클리어바디,해감액
0074,꼬마돌,, 바위, 땅,남/여,0.4m,20.0kg,암석포켓몬,돌머리,옹골참
0074,꼬마돌,알로라의 모습, 바위, 전기,남/여,0.4m,20.3kg,암석포켓몬,자력,옹골참
0075,데구리,, 바위, 땅,남/여,1.0m,105.0kg,암석포켓몬,돌머리,옹골참
0075,데구리,알로라의 모습, 바위, 전기,남/여,1.0m,110.0kg,암석포켓몬,자력,옹골참
0076,딱구리,, 바위, 땅,남/여,1.4m,300.0kg,메가톤포켓몬,돌머리,옹골참
0076,딱구리,알로라의 모습, 바위, 전기,남/여,1.7m,316.0kg,메가톤포켓몬,자력,옹골참
0077,포니타,, 불꽃,,남/여,1.0m,30.0kg,불의말포켓몬,도주,타오르는불꽃
0077,포니타,가라르의 모습, 에스퍼,,남/여,0.8m,24.0kg,일각포켓몬,도주,파스텔베일
0078,날쌩마,, 불꽃,,남/여,1.7m,95.0kg,불의말포켓몬,도주,타오르는불꽃
0078,날쌩마,가라르의 모습, 에스퍼, 페어리,남/여,1.7m,80.0kg,일각포켓몬,도주,파스텔베일
0079,야돈,, 물, 에스퍼,남/여,1.2m,36.0kg,얼간이포켓몬,둔감,마이페이스
0079,야돈,가라르의 모습, 에스퍼,,남/여,1.2m,36.0kg,얼간이포켓몬,먹보,마이페이스
0080,야도란,, 물, 에스퍼,남/여,1.6m,78.5kg,기생포켓몬,둔감,마이페이스
0080,야도란,가라르의 모습, 독, 에스퍼,남/여,1.6m,70.5kg,기생포켓몬,퀵드로,마이페이스
0080,메가야도란,, 물, 에스퍼,남/여,2.0m,120.0kg,기생포켓몬,조가비갑옷, 
0081,코일,, 전기, 강철,불명,0.3m,6.0kg,자석포켓몬,자력,옹골참
0082,레어코일,, 전기, 강철,불명,1.0m,60.0kg,자석포켓몬,자력,옹골참
0083,파오리,, 노말, 비행,남/여,0.8m,15.0kg,청둥오리포켓몬,날카로운눈,정신력
0083,파오리,가라르의 모습, 격투,,남/여,0.8m,42.0kg,청둥오리포켓몬,불굴의마음, 
0084,두두,, 노말, 비행,남/여,1.4m,39.2kg,쌍둥이새포켓몬,도주,일찍기상
0085,두트리오,, 노말, 비행,남/여,1.8m,85.2kg,세쌍둥이새포켓몬,도주,일찍기상
0086,쥬쥬,, 물,,남/여,1.1m,90.0kg,강치포켓몬,두꺼운지방,촉촉바디
0087,쥬레곤,, 물, 얼음,남/여,1.7m,120.0kg,강치포켓몬,두꺼운지방,촉촉바디
0088,질퍽이,, 독,,남/여,0.9m,30.0kg,오물포켓몬,악취,점착
0088,질퍽이,알로라의 모습, 독, 악,남/여,0.7m,42.0kg,오물포켓몬,독수,먹보
0089,질뻐기,, 독,,남/여,1.2m,30.0kg,오물포켓몬,악취,점착
0089,질뻐기,알로라의 모습, 독, 악,남/여,1.0m,52.0kg,오물포켓몬,독수,먹보
0090,셀러,, 물,,남/여,0.3m,4.0kg,두조개포켓몬,조가비갑옷,스킬링크
0091,파르셀,, 물, 얼음,남/여,1.5m,132.5kg,두조개포켓몬,조가비갑옷,스킬링크
0092,고오스,, 고스트, 독,남/여,1.3m,0.1kg,가스포켓몬,부유, 
0093,고우스트,, 고스트, 독,남/여,1.6m,0.1kg,가스포켓몬,부유, 
0094,팬텀,, 고스트, 독,남/여,1.5m,40.5kg,그림자포켓몬,저주받은바디, 
0094,메가팬텀,, 고스트, 독,남/여,1.4m,40.5kg,그림자포켓몬,그림자밟기, 
0094,팬텀,거다이맥스의 모습, 고스트, 독,남/여,20.0m~,???.?kg,그림자포켓몬,저주받은바디, 
0095,롱스톤,, 바위, 땅,남/여,8.8m,210.0kg,돌뱀포켓몬,돌머리,옹골참
0096,슬리프,, 에스퍼,,남/여,1.0m,32.4kg,최면포켓몬,불면,예지몽
0097,슬리퍼,, 에스퍼,,남/여,1.6m,75.6kg,최면포켓몬,불면,예지몽
0098,크랩,, 물,,남/여,0.4m,6.5kg,게포켓몬,괴력집게,조가비갑옷
0099,킹크랩,, 물,,남/여,1.3m,60.0kg,집게포켓몬,괴력집게,조가비갑옷
0099,킹크랩,거다이맥스의 모습, 물,,남/여,19.0m~,???.?kg,집게포켓몬,괴력집게,조가비갑옷
0100,찌리리공,, 전기,,불명,0.5m,10.4kg,볼포켓몬,방음,정전기
0100,찌리리공,히스이의 모습, 전기, 풀,불명,0.5m,13.0kg,구체포켓몬,방음,정전기
0101,붐볼,, 전기,,불명,1.2m,66.6kg,볼포켓몬,방음,정전기
0101,붐볼,히스이의 모습, 전기, 풀,불명,1.2m,71.0kg,구체포켓몬,방음,정전기
0102,아라리,, 풀, 에스퍼,남/여,0.4m,2.5kg,알포켓몬,엽록소, 
0103,나시,, 풀, 에스퍼,남/여,2.0m,120.0kg,야자열매포켓몬,엽록소, 
0103,나시,알로라의 모습, 풀, 드래곤,남/여,10.9m,415.6kg,야자열매포켓몬,통찰, 
0104,탕구리,, 땅,,남/여,0.4m,6.5kg,고독포켓몬,돌머리,피뢰침
0105,텅구리,, 땅,,남/여,1.0m,45.0kg,뼈다귀포켓몬,돌머리,피뢰침
0105,텅구리,알로라의 모습, 불꽃, 고스트,남/여,1.0m,34.0kg,뼈다귀포켓몬,저주받은바디,피뢰침
0106,시라소몬,, 격투,,남,1.5m,49.8kg,킥포켓몬,유연,이판사판
0107,홍수몬,, 격투,,남,1.4m,50.2kg,펀치포켓몬,날카로운눈,철주먹
0108,내루미,, 노말,,남/여,1.2m,65.5kg,핥기포켓몬,마이페이스,둔감
0109,또가스,, 독,,남/여,0.6m,1.0kg,독가스포켓몬,부유,화학변화가스
0110,또도가스,, 독,,남/여,1.2m,9.5kg,독가스포켓몬,부유,화학변화가스
0110,또도가스,가라르의 모습, 독, 페어리,남/여,3.0m,16.0kg,독가스포켓몬,부유,화학변화가스
0111,뿔카노,, 땅, 바위,남/여,1.0m,115.0kg,뿔포켓몬,피뢰침,돌머리
0112,코뿌리,, 땅, 바위,남/여,1.9m,120.0kg,드릴포켓몬,피뢰침,돌머리
0113,럭키,, 노말,,여,1.1m,34.6kg,알포켓몬,자연회복,하늘의은총
0114,덩쿠리,, 풀,,남/여,1.0m,35.0kg,넝쿨포켓몬,엽록소,리프가드
0115,캥카,, 노말,,여,2.2m,80.0kg,가족포켓몬,일찍기상,배짱
0115,메가캥카,, 노말,,여,2.2m,100.0kg,가족포켓몬,부자유친, 
0116,쏘드라,, 물,,남/여,0.4m,8.0kg,드래곤포켓몬,쓱쓱,스나이퍼
0117,시드라,, 물,,남/여,1.2m,25.0kg,드래곤포켓몬,독가시,스나이퍼
0118,콘치,, 물,,남/여,0.6m,15.0kg,금붕어포켓몬,쓱쓱,수의베일
0119,왕콘치,, 물,,남/여,1.3m,39.0kg,금붕어포켓몬,쓱쓱,수의베일
0120,별가사리,, 물,,불명,0.8m,34.5kg,별포켓몬,발광,자연회복
0121,아쿠스타,, 물, 에스퍼,불명,1.1m,80.0kg,수수께끼포켓몬,발광,자연회복
0122,마임맨,, 에스퍼, 페어리,남/여,1.3m,54.5kg,배리어포켓몬,방음,필터
0122,마임맨,가라르의 모습, 얼음, 에스퍼,남/여,1.4m,56.8kg,댄스포켓몬,의기양양,배리어프리
0123,스라크,, 벌레, 비행,남/여,1.5m,56.0kg,버마재비포켓몬,벌레의알림,테크니션
0124,루주라,, 얼음, 에스퍼,여,1.4m,40.6kg,인간형태포켓몬,둔감,예지몽
0125,에레브,, 전기,,남/여,1.1m,30.0kg,전기포켓몬,정전기, 
0126,마그마,, 불꽃,,남/여,1.3m,44.5kg,불뿜기포켓몬,불꽃몸, 
0127,쁘사이저,, 벌레,,남/여,1.5m,55.0kg,뿔집게포켓몬,괴력집게,틀깨기
0127,메가쁘사이저,, 벌레, 비행,남/여,1.7m,59.0kg,뿔집게포켓몬,스카이스킨, 
0128,켄타로스,, 노말,,남,1.4m,88.4kg,성난소포켓몬,위협,분노의경혈
0129,잉어킹,, 물,,남/여,0.9m,10.0kg,물고기포켓몬,쓱쓱, 
0130,갸라도스,, 물, 비행,남/여,6.5m,235.0kg,흉악포켓몬,위협, 
0130,메가갸라도스,, 물, 악,남/여,6.5m,305.0kg,흉악포켓몬,틀깨기, 
0131,라프라스,, 물, 얼음,남/여,2.5m,220.0kg,탈것포켓몬,저수,조가비갑옷
0131,라프라스,거다이맥스의 모습, 물, 얼음,남/여,24.0m~,???.?kg,탈것포켓몬,저수,조가비갑옷
0132,메타몽,, 노말,,불명,0.3m,4.0kg,변신포켓몬,유연, 
0133,이브이,, 노말,,남/여,0.3m,6.5kg,진화포켓몬,도주,적응력
0133,이브이,거다이맥스의 모습, 노말,,남/여,18.0m~,???.?kg,진화포켓몬,도주,적응력
0134,샤미드,, 물,,남/여,1.0m,29.0kg,거품뿜기포켓몬,저수, 
0135,쥬피썬더,, 전기,,남/여,0.8m,24.5kg,번개포켓몬,축전, 
0136,부스터,, 불꽃,,남/여,0.9m,25.0kg,불꽃포켓몬,타오르는불꽃, 
0137,폴리곤,, 노말,,불명,0.8m,36.5kg,가상포켓몬,트레이스,다운로드
0138,암나이트,, 바위, 물,남/여,0.4m,7.5kg,소용돌이포켓몬,쓱쓱,조가비갑옷
0139,암스타,, 바위, 물,남/여,1.0m,35.0kg,소용돌이포켓몬,쓱쓱,조가비갑옷
0140,투구,, 바위, 물,남/여,0.5m,11.5kg,껍질포켓몬,쓱쓱,전투무장
0141,투구푸스,, 바위, 물,남/여,1.3m,40.5kg,껍질포켓몬,쓱쓱,전투무장
0142,프테라,, 바위, 비행,남/여,1.8m,59.0kg,화석포켓몬,돌머리,프레셔
0142,메가프테라,, 바위, 비행,남/여,2.1m,79.0kg,화석포켓몬,단단한발톱, 
0143,잠만보,, 노말,,남/여,2.1m,460.0kg,졸음포켓몬,면역,두꺼운지방
0143,잠만보,거다이맥스의 모습, 노말,,남/여,35.0m~,???.?kg,졸음포켓몬,면역,두꺼운지방
0144,프리져,, 얼음, 비행,불명,1.7m,55.4kg,냉동포켓몬,프레셔, 
0145,썬더,, 전기, 비행,불명,1.6m,52.6kg,전기포켓몬,프레셔, 
0146,파이어,, 불꽃, 비행,불명,2.0m,60.0kg,화염포켓몬,프레셔, 
0147,미뇽,, 드래곤,,남/여,1.8m,3.3kg,드래곤포켓몬,탈피, 
0148,신뇽,, 드래곤,,남/여,4.0m,16.5kg,드래곤포켓몬,탈피, 
0149,망나뇽,, 드래곤, 비행,남/여,2.2m,210.0kg,드래곤포켓몬,정신력, 
0150,뮤츠,, 에스퍼,,불명,2.0m,122.0kg,유전자포켓몬,프레셔, 
0150,메가뮤츠X,, 에스퍼, 격투,불명,2.3m,127.0kg,유전자포켓몬,불굴의마음, 
0150,메가뮤츠Y,, 에스퍼,,불명,1.5m,33.0kg,유전자포켓몬,불면, 
0151,뮤,, 에스퍼,,불명,0.4m,4.0kg,신종포켓몬,싱크로, 
0152,치코리타,, 풀,,남/여,0.9m,6.4kg,잎사귀포켓몬,심록, 
0153,베이리프,, 풀,,남/여,1.2m,15.8kg,잎사귀포켓몬,심록, 
0154,메가니움,, 풀,,남/여,1.8m,100.5kg,허브포켓몬,심록, 
0155,브케인,, 불꽃,,남/여,0.5m,7.9kg,불쥐포켓몬,맹화, 
0156,마그케인,, 불꽃,,남/여,0.9m,19.0kg,화산포켓몬,맹화, 
0157,블레이범,, 불꽃,,남/여,1.7m,79.5kg,화산포켓몬,맹화, 
0157,블레이범,히스이의 모습, 불꽃, 고스트,남/여,1.6m,69.8kg,도깨비불포켓몬,맹화, 
0158,리아코,, 물,,남/여,0.6m,9.5kg,큰턱포켓몬,급류, 
0159,엘리게이,, 물,,남/여,1.1m,25.0kg,큰턱포켓몬,급류, 
0160,장크로다일,, 물,,남/여,2.3m,88.8kg,큰턱포켓몬,급류, 
0161,꼬리선,, 노말,,남/여,0.8m,6.0kg,망보기포켓몬,도주,날카로운눈
0162,다꼬리,, 노말,,남/여,1.8m,32.5kg,긴몸통포켓몬,도주,날카로운눈
0163,부우부,, 노말, 비행,남/여,0.7m,21.2kg,부엉이포켓몬,불면,날카로운눈
0164,야부엉,, 노말, 비행,남/여,1.6m,40.8kg,부엉이포켓몬,불면,날카로운눈
0165,레디바,, 벌레, 비행,남/여,1.0m,10.8kg,별다섯포켓몬,벌레의알림,일찍기상
0166,레디안,, 벌레, 비행,남/여,1.4m,35.6kg,별다섯포켓몬,벌레의알림,일찍기상
0167,페이검,, 벌레, 독,남/여,0.5m,8.5kg,실뿜기포켓몬,벌레의알림,불면
0168,아리아도스,, 벌레, 독,남/여,1.1m,33.5kg,롱다리포켓몬,벌레의알림,불면
0169,크로뱃,, 독, 비행,남/여,1.8m,75.0kg,박쥐포켓몬,정신력, 
0170,초라기,, 물, 전기,남/여,0.5m,12.0kg,아귀포켓몬,축전,발광
0171,랜턴,, 물, 전기,남/여,1.2m,22.5kg,라이트포켓몬,축전,발광
0172,피츄,, 전기,,남/여,0.3m,2.0kg,아기쥐포켓몬,정전기, 
0173,삐,, 페어리,,남/여,0.3m,3.0kg,별포켓몬,헤롱헤롱바디,매직가드
0174,푸푸린,, 노말, 페어리,남/여,0.3m,1.0kg,풍선포켓몬,헤롱헤롱바디,승기
0175,토게피,, 페어리,,남/여,0.3m,1.5kg,바늘알포켓몬,의욕,하늘의은총
0176,토게틱,, 페어리, 비행,남/여,0.6m,3.2kg,행복포켓몬,의욕,하늘의은총
0177,네이티,, 에스퍼, 비행,남/여,0.2m,2.0kg,아기새포켓몬,싱크로,일찍기상
0178,네이티오,, 에스퍼, 비행,남/여,1.5m,15.0kg,정령포켓몬,싱크로,일찍기상
0179,메리프,, 전기,,남/여,0.6m,7.8kg,솜털포켓몬,정전기, 
0180,보송송,, 전기,,남/여,0.8m,13.3kg,솜털포켓몬,정전기, 
0181,전룡,, 전기,,남/여,1.4m,61.5kg,라이트포켓몬,정전기, 
0181,메가전룡,, 전기, 드래곤,남/여,1.4m,61.5kg,라이트포켓몬,틀깨기, 
0182,아르코,, 풀,,남/여,0.4m,5.8kg,꽃포켓몬,엽록소, 
0183,마릴,, 물, 페어리,남/여,0.4m,8.5kg,물쥐포켓몬,두꺼운지방,천하장사
0184,마릴리,, 물, 페어리,남/여,0.8m,28.5kg,물토끼포켓몬,두꺼운지방,천하장사
0185,꼬지모,, 바위,,남/여,1.2m,38.0kg,흉내포켓몬,옹골참,돌머리
0186,왕구리,, 물,,남/여,1.1m,33.9kg,개구리포켓몬,저수,습기
0187,통통코,, 풀, 비행,남/여,0.4m,0.5kg,솜풀포켓몬,엽록소,리프가드
0188,두코,, 풀, 비행,남/여,0.6m,1.0kg,솜풀포켓몬,엽록소,리프가드
0189,솜솜코,, 풀, 비행,남/여,0.8m,3.0kg,솜풀포켓몬,엽록소,리프가드
0190,에이팜,, 노말,,남/여,0.8m,11.5kg,긴꼬리포켓몬,도주,픽업
0191,해너츠,, 풀,,남/여,0.3m,1.8kg,씨앗포켓몬,엽록소,선파워
0192,해루미,, 풀,,남/여,0.8m,8.5kg,태양포켓몬,엽록소,선파워
0193,왕자리,, 벌레, 비행,남/여,1.2m,38.0kg,얇은날개포켓몬,가속,복안
0194,우파,, 물, 땅,남/여,0.4m,8.5kg,수어포켓몬,습기,저수
0195,누오,, 물, 땅,남/여,1.4m,75.0kg,수어포켓몬,습기,저수
0196,에브이,, 에스퍼,,남/여,0.9m,26.5kg,태양포켓몬,싱크로, 
0197,블래키,, 악,,남/여,1.0m,27.0kg,달빛포켓몬,싱크로, 
0198,니로우,, 악, 비행,남/여,0.5m,2.1kg,어둠포켓몬,불면,대운
0199,야도킹,, 물, 에스퍼,남/여,2.0m,79.5kg,임금포켓몬,둔감,마이페이스
0200,무우마,, 고스트,,남/여,0.7m,1.0kg,야명포켓몬,부유, 
0201,안농,, 에스퍼,,불명,0.5m,5.0kg,심볼포켓몬,부유, 
0202,마자용,, 에스퍼,,남/여,1.3m,28.5kg,참기포켓몬,그림자밟기, 
0203,키링키,, 노말, 에스퍼,남/여,1.5m,41.5kg,긴목포켓몬,정신력,일찍기상
0204,피콘,, 벌레,,남/여,0.6m,7.2kg,도롱이벌레포켓몬,옹골참, 
0205,쏘콘,, 벌레, 강철,남/여,1.2m,125.8kg,도롱이벌레포켓몬,옹골참, 
0206,노고치,, 노말,,남/여,1.5m,14.0kg,땅뱀포켓몬,하늘의은총,도주
0207,글라이거,, 땅, 비행,남/여,1.1m,64.8kg,날전갈포켓몬,괴력집게,모래숨기
0208,강철톤,, 강철, 땅,남/여,9.2m,400.0kg,철뱀포켓몬,돌머리,옹골참
0208,메가강철톤,, 강철, 땅,남/여,10.5m,740.0kg,철뱀포켓몬,모래의힘, 
0209,블루,, 페어리,,남/여,0.6m,7.8kg,요정포켓몬,위협,도주
0210,그랑블루,, 페어리,,남/여,1.4m,48.7kg,요정포켓몬,위협,속보
0211,침바루,, 물, 독,남/여,0.5m,3.9kg,풍선포켓몬,독가시,쓱쓱
0211,침바루,히스이의 모습, 악, 독,남/여,0.5m,3.9kg,풍선포켓몬,독가시,쓱쓱
0212,핫삼,, 벌레, 강철,남/여,1.8m,118.0kg,집게포켓몬,벌레의알림,테크니션
0212,메가핫삼,, 벌레, 강철,남/여,2.0m,125.0kg,집게포켓몬,테크니션, 
0213,단단지,, 벌레, 바위,남/여,0.6m,20.5kg,발효포켓몬,옹골참,먹보
0214,헤라크로스,, 벌레, 격투,남/여,1.5m,54.0kg,외뿔포켓몬,벌레의알림,근성
0214,메가헤라크로스,, 벌레, 격투,남/여,1.7m,62.5kg,외뿔포켓몬,스킬링크, 
0215,포푸니,, 악, 얼음,남/여,0.9m,28.0kg,갈고리손톱포켓몬,정신력,날카로운눈
0215,포푸니,히스이의 모습, 격투, 독,남/여,0.9m,27.0kg,갈고리손톱포켓몬,정신력,날카로운눈
0216,깜지곰,, 노말,,남/여,0.6m,8.8kg,아기곰포켓몬,픽업,속보
0217,링곰,, 노말,,남/여,1.8m,125.8kg,동면포켓몬,근성,속보
0218,마그마그,, 불꽃,,남/여,0.7m,35.0kg,용암포켓몬,마그마의무장,불꽃몸
0219,마그카르고,, 불꽃, 바위,남/여,0.8m,55.0kg,용암포켓몬,마그마의무장,불꽃몸
0220,꾸꾸리,, 얼음, 땅,남/여,0.4m,6.5kg,산돼지포켓몬,둔감,눈숨기
0221,메꾸리,, 얼음, 땅,남/여,1.1m,55.8kg,멧돼지포켓몬,둔감,눈숨기
0222,코산호,, 물, 바위,남/여,0.6m,5.0kg,산호포켓몬,의욕,자연회복
0222,코산호,가라르의 모습, 고스트,,남/여,0.6m,0.5kg,산호포켓몬,깨어진갑옷, 
0223,총어,, 물,,남/여,0.6m,12.0kg,분사포켓몬,의욕,스나이퍼
0224,대포무노,, 물,,남/여,0.9m,28.5kg,분사포켓몬,흡반,스나이퍼
0225,딜리버드,, 얼음, 비행,남/여,0.9m,16.0kg,배달포켓몬,의기양양,의욕
0226,만타인,, 물, 비행,남/여,2.1m,220.0kg,연포켓몬,쓱쓱,저수
0227,무장조,, 강철, 비행,남/여,1.7m,50.5kg,갑옷새포켓몬,날카로운눈,옹골참
0228,델빌,, 악, 불꽃,남/여,0.6m,10.8kg,다크포켓몬,일찍기상,타오르는불꽃
0229,헬가,, 악, 불꽃,남/여,1.4m,35.0kg,다크포켓몬,일찍기상,타오르는불꽃
0229,메가헬가,, 악, 불꽃,남/여,1.9m,49.5kg,다크포켓몬,선파워, 
0230,킹드라,, 물, 드래곤,남/여,1.8m,152.0kg,드래곤포켓몬,쓱쓱,스나이퍼
0231,코코리,, 땅,,남/여,0.5m,33.5kg,긴코포켓몬,픽업, 
0232,코리갑,, 땅,,남/여,1.1m,120.0kg,갑옷포켓몬,옹골참, 
0233,폴리곤2,, 노말,,불명,0.6m,32.5kg,가상포켓몬,트레이스,다운로드
0234,노라키,, 노말,,남/여,1.4m,71.2kg,큰뿔포켓몬,위협,통찰
0235,루브도,, 노말,,남/여,1.2m,58.0kg,그림장이포켓몬,마이페이스,테크니션
0236,배루키,, 격투,,남,0.7m,21.0kg,싸움포켓몬,근성,불굴의마음
0237,카포에라,, 격투,,남,1.4m,48.0kg,물구나무포켓몬,위협,테크니션
0238,뽀뽀라,, 얼음, 에스퍼,여,0.4m,6.0kg,뽀뽀포켓몬,둔감,예지몽
0239,에레키드,, 전기,,남/여,0.6m,23.5kg,전류포켓몬,정전기, 
0240,마그비,, 불꽃,,남/여,0.7m,21.4kg,불씨포켓몬,불꽃몸, 
0241,밀탱크,, 노말,,여,1.2m,75.5kg,젖소포켓몬,두꺼운지방,배짱
0242,해피너스,, 노말,,여,1.5m,46.8kg,행복포켓몬,자연회복,하늘의은총
0243,라이코,, 전기,,불명,1.9m,178.0kg,우레포켓몬,프레셔, 
0244,앤테이,, 불꽃,,불명,2.1m,198.0kg,화산포켓몬,프레셔, 
0245,스이쿤,, 물,,불명,2.0m,187.0kg,오로라포켓몬,프레셔, 
0246,애버라스,, 바위, 땅,남/여,0.6m,72.0kg,바위표면포켓몬,근성, 
0247,데기라스,, 바위, 땅,남/여,1.2m,152.0kg,탄환포켓몬,탈피, 
0248,마기라스,, 바위, 악,남/여,2.0m,202.0kg,갑옷포켓몬,모래날림, 
0248,메가마기라스,, 바위, 악,남/여,2.5m,255.0kg,갑옷포켓몬,모래날림, 
0249,루기아,, 에스퍼, 비행,불명,5.2m,216.0kg,잠수포켓몬,프레셔, 
0250,칠색조,, 불꽃, 비행,불명,3.8m,199.0kg,무지개색포켓몬,프레셔, 
0251,세레비,, 에스퍼, 풀,불명,0.6m,5.0kg,시간이동포켓몬,자연회복, 
0252,나무지기,, 풀,,남/여,0.5m,5.0kg,숲도마뱀포켓몬,심록, 
0253,나무돌이,, 풀,,남/여,0.9m,21.6kg,숲도마뱀포켓몬,심록, 
0254,나무킹,, 풀,,남/여,1.7m,52.2kg,밀림포켓몬,심록, 
0254,메가나무킹,, 풀, 드래곤,남/여,1.9m,55.2kg,밀림포켓몬,피뢰침, 
0255,아차모,, 불꽃,,남/여,0.4m,2.5kg,풋내기포켓몬,맹화, 
0256,영치코,, 불꽃, 격투,남/여,0.9m,19.5kg,꼬마닭포켓몬,맹화, 
0257,번치코,, 불꽃, 격투,남/여,1.9m,52.0kg,맹화포켓몬,맹화, 
0257,메가번치코,, 불꽃, 격투,남/여,1.9m,52.0kg,맹화포켓몬,가속, 
0258,물짱이,, 물,,남/여,0.4m,7.6kg,늪물고기포켓몬,급류, 
0259,늪짱이,, 물, 땅,남/여,0.7m,28.0kg,늪물고기포켓몬,급류, 
0260,대짱이,, 물, 땅,남/여,1.5m,81.9kg,늪물고기포켓몬,급류, 
0260,메가대짱이,, 물, 땅,남/여,1.9m,102.0kg,늪물고기포켓몬,쓱쓱, 
0261,포챠나,, 악,,남/여,0.5m,13.6kg,물어뜯기포켓몬,도주,속보
0262,그라에나,, 악,,남/여,1.0m,37.0kg,물어뜯기포켓몬,위협,속보
0263,지그제구리,, 노말,,남/여,0.4m,17.5kg,앙증너구리포켓몬,픽업,먹보
0263,지그제구리,가라르의 모습, 악, 노말,남/여,0.4m,17.5kg,앙증너구리포켓몬,픽업,먹보
0264,직구리,, 노말,,남/여,0.5m,32.5kg,돌진포켓몬,픽업,먹보
0264,직구리,가라르의 모습, 악, 노말,남/여,0.5m,32.5kg,돌진포켓몬,픽업,먹보
0265,개무소,, 벌레,,남/여,0.3m,3.6kg,애벌레포켓몬,인분, 
0266,실쿤,, 벌레,,남/여,0.6m,10.0kg,번데기포켓몬,탈피, 
0267,뷰티플라이,, 벌레, 비행,남/여,1.0m,28.4kg,나비포켓몬,벌레의알림, 
0268,카스쿤,, 벌레,,남/여,0.7m,11.5kg,번데기포켓몬,탈피, 
0269,독케일,, 벌레, 독,남/여,1.2m,31.6kg,독나방포켓몬,인분, 
0270,연꽃몬,, 물, 풀,남/여,0.5m,2.6kg,개구리밥포켓몬,쓱쓱,젖은접시
0271,로토스,, 물, 풀,남/여,1.2m,32.5kg,명랑함포켓몬,쓱쓱,젖은접시
0272,로파파,, 물, 풀,남/여,1.5m,55.0kg,행복하기포켓몬,쓱쓱,젖은접시
0273,도토링,, 풀,,남/여,0.5m,4.0kg,도토리포켓몬,엽록소,일찍기상
0274,잎새코,, 풀, 악,남/여,1.0m,28.0kg,꾀부리기포켓몬,엽록소,일찍기상
0275,다탱구,, 풀, 악,남/여,1.3m,59.6kg,부정하기포켓몬,엽록소,일찍기상
0276,테일로,, 노말, 비행,남/여,0.3m,2.3kg,아기제비포켓몬,근성, 
0277,스왈로,, 노말, 비행,남/여,0.7m,19.8kg,제비포켓몬,근성, 
0278,갈모매,, 물, 비행,남/여,0.6m,9.5kg,괭이갈매기포켓몬,날카로운눈,촉촉바디
0279,패리퍼,, 물, 비행,남/여,1.2m,28.0kg,물새포켓몬,날카로운눈,잔비
0280,랄토스,, 에스퍼, 페어리,남/여,0.4m,6.6kg,느낌포켓몬,싱크로,트레이스
0281,킬리아,, 에스퍼, 페어리,남/여,0.8m,20.2kg,감정포켓몬,싱크로,트레이스
0282,가디안,, 에스퍼, 페어리,남/여,1.6m,48.4kg,포용포켓몬,싱크로,트레이스
0282,메가가디안,, 에스퍼, 페어리,남/여,1.6m,48.4kg,포용포켓몬,페어리스킨, 
0283,비구술,, 벌레, 물,남/여,0.5m,1.7kg,소금쟁이포켓몬,쓱쓱, 
0284,비나방,, 벌레, 비행,남/여,0.8m,3.6kg,안구포켓몬,위협, 
0285,버섯꼬,, 풀,,남/여,0.4m,4.5kg,버섯포켓몬,포자,포이즌힐
0286,버섯모,, 풀, 격투,남/여,1.2m,39.2kg,버섯포켓몬,포자,포이즌힐
0287,게을로,, 노말,,남/여,0.8m,24.0kg,게으름뱅이포켓몬,게으름, 
0288,발바로,, 노말,,남/여,1.4m,46.5kg,성난원숭이포켓몬,의기양양, 
0289,게을킹,, 노말,,남/여,2.0m,130.5kg,나태포켓몬,게으름, 
0290,토중몬,, 벌레, 땅,남/여,0.5m,5.5kg,신참포켓몬,복안, 
0291,아이스크,, 벌레, 비행,남/여,0.8m,12.0kg,시노비포켓몬,가속, 
0292,껍질몬,, 벌레, 고스트,불명,0.8m,1.2kg,허물포켓몬,불가사의부적, 
0293,소곤룡,, 노말,,남/여,0.6m,16.3kg,속삭임포켓몬,방음, 
0294,노공룡,, 노말,,남/여,1.0m,40.5kg,큰목소리포켓몬,방음, 
0295,폭음룡,, 노말,,남/여,1.5m,84.0kg,소음포켓몬,방음, 
0296,마크탕,, 격투,,남/여,1.0m,86.4kg,근성포켓몬,두꺼운지방,근성
0297,하리뭉,, 격투,,남/여,2.3m,253.8kg,손바닥치기포켓몬,두꺼운지방,근성
0298,루리리,, 노말, 페어리,남/여,0.2m,2.0kg,물방울포켓몬,두꺼운지방,천하장사
0299,코코파스,, 바위,,남/여,1.0m,97.0kg,컴퍼스포켓몬,옹골참,자력
0300,에나비,, 노말,,남/여,0.6m,11.0kg,작은고양이포켓몬,헤롱헤롱바디,노말스킨
0301,델케티,, 노말,,남/여,1.1m,32.6kg,새침떼기포켓몬,헤롱헤롱바디,노말스킨
0302,깜까미,, 악, 고스트,남/여,0.5m,11.0kg,어둠포켓몬,날카로운눈,시간벌기
0302,메가깜까미,, 악, 고스트,남/여,0.5m,161.0kg,어둠포켓몬,매직미러, 
0303,입치트,, 강철, 페어리,남/여,0.6m,11.5kg,배반포켓몬,괴력집게,위협
0303,메가입치트,, 강철, 페어리,남/여,1.0m,23.5kg,배반포켓몬,천하장사, 
0304,가보리,, 강철, 바위,남/여,0.4m,60.0kg,철갑옷포켓몬,옹골참,돌머리
0305,갱도라,, 강철, 바위,남/여,0.9m,120.0kg,철갑옷포켓몬,옹골참,돌머리
0306,보스로라,, 강철, 바위,남/여,2.1m,360.0kg,철갑옷포켓몬,옹골참,돌머리
0306,메가보스로라,, 강철,,남/여,2.2m,395.0kg,철갑옷포켓몬,필터, 
0307,요가랑,, 격투, 에스퍼,남/여,0.6m,11.2kg,명상포켓몬,순수한힘, 
0308,요가램,, 격투, 에스퍼,남/여,1.3m,31.5kg,명상포켓몬,순수한힘, 
0308,메가요가램,, 격투, 에스퍼,남/여,1.3m,31.5kg,명상포켓몬,순수한힘, 
0309,썬더라이,, 전기,,남/여,0.6m,15.2kg,천둥번개포켓몬,정전기,피뢰침
0310,썬더볼트,, 전기,,남/여,1.5m,40.2kg,방전포켓몬,정전기,피뢰침
0310,메가썬더볼트,, 전기,,남/여,1.8m,44.0kg,방전포켓몬,위협, 
0311,플러시,, 전기,,남/여,0.4m,4.2kg,응원포켓몬,플러스, 
0312,마이농,, 전기,,남/여,0.4m,4.2kg,응원포켓몬,마이너스, 
0313,볼비트,, 벌레,,남,0.7m,17.7kg,반딧불포켓몬,발광,벌레의알림
0314,네오비트,, 벌레,,여,0.6m,17.7kg,반딧불포켓몬,둔감,색안경
0315,로젤리아,, 풀, 독,남/여,0.3m,2.0kg,가시포켓몬,자연회복,독가시
0316,꼴깍몬,, 독,,남/여,0.4m,10.3kg,밥통포켓몬,해감액,점착
0317,꿀꺽몬,, 독,,남/여,1.7m,80.0kg,독봉지포켓몬,해감액,점착
0318,샤프니아,, 물, 악,남/여,0.8m,20.8kg,사나움포켓몬,까칠한피부, 
0319,샤크니아,, 물, 악,남/여,1.8m,88.8kg,난폭포켓몬,까칠한피부, 
0319,메가샤크니아,, 물, 악,남/여,2.5m,130.3kg,난폭포켓몬,옹골찬턱, 
0320,고래왕자,, 물,,남/여,2.0m,130.0kg,둥근고래포켓몬,수의베일,둔감
0321,고래왕,, 물,,남/여,14.5m,398.0kg,뜸고래포켓몬,수의베일,둔감
0322,둔타,, 불꽃, 땅,남/여,0.7m,24.0kg,둔감포켓몬,둔감,단순
0323,폭타,, 불꽃, 땅,남/여,1.9m,220.0kg,분화포켓몬,마그마의무장,하드록
0323,메가폭타,, 불꽃, 땅,남/여,2.5m,320.5kg,분화포켓몬,우격다짐, 
0324,코터스,, 불꽃,,남/여,0.5m,80.4kg,석탄포켓몬,하얀연기,가뭄
0325,피그점프,, 에스퍼,,남/여,0.7m,30.6kg,바운스포켓몬,두꺼운지방,마이페이스
0326,피그킹,, 에스퍼,,남/여,0.9m,71.5kg,조작포켓몬,두꺼운지방,마이페이스
0327,얼루기,, 노말,,남/여,1.1m,5.0kg,얼룩팬더포켓몬,마이페이스,갈지자걸음
0328,톱치,, 땅,,남/여,0.7m,15.0kg,개미지옥포켓몬,괴력집게,개미지옥
0329,비브라바,, 땅, 드래곤,남/여,1.1m,15.3kg,진동포켓몬,부유, 
0330,플라이곤,, 땅, 드래곤,남/여,2.0m,82.0kg,정령포켓몬,부유, 
0331,선인왕,, 풀,,남/여,0.4m,51.3kg,선인장포켓몬,모래숨기, 
0332,밤선인,, 풀, 악,남/여,1.3m,77.4kg,허수아비포켓몬,모래숨기, 
0333,파비코,, 노말, 비행,남/여,0.4m,1.2kg,솜새포켓몬,자연회복, 
0334,파비코리,, 드래곤, 비행,남/여,1.1m,20.6kg,허밍포켓몬,자연회복, 
0334,메가파비코리,, 드래곤, 페어리,남/여,1.5m,20.6kg,허밍포켓몬,페어리스킨, 
0335,쟝고,, 노말,,남/여,1.3m,40.3kg,고양이족제비포켓몬,면역, 
0336,세비퍼,, 독,,남/여,2.7m,52.5kg,송곳뱀포켓몬,탈피, 
0337,루나톤,, 바위, 에스퍼,불명,1.0m,168.0kg,별똥별포켓몬,부유, 
0338,솔록,, 바위, 에스퍼,불명,1.2m,154.0kg,별똥별포켓몬,부유, 
0339,미꾸리,, 물, 땅,남/여,0.4m,1.9kg,수염물고기포켓몬,둔감,위험예지
0340,메깅,, 물, 땅,남/여,0.9m,23.6kg,수염물고기포켓몬,둔감,위험예지
0341,가재군,, 물,,남/여,0.6m,11.5kg,건달포켓몬,괴력집게,조가비갑옷
0342,가재장군,, 물, 악,남/여,1.1m,32.8kg,불량배포켓몬,괴력집게,조가비갑옷
0343,오뚝군,, 땅, 에스퍼,불명,0.5m,21.5kg,토우포켓몬,부유, 
0344,점토도리,, 땅, 에스퍼,불명,1.5m,108.0kg,토우포켓몬,부유, 
0345,릴링,, 바위, 풀,남/여,1.0m,23.8kg,바다나리포켓몬,흡반, 
0346,릴리요,, 바위, 풀,남/여,1.5m,60.4kg,바위단지포켓몬,흡반, 
0347,아노딥스,, 바위, 벌레,남/여,0.7m,12.5kg,고대새우포켓몬,전투무장, 
0348,아말도,, 바위, 벌레,남/여,1.5m,68.2kg,갑주포켓몬,전투무장, 
0349,빈티나,, 물,,남/여,0.6m,7.4kg,물고기포켓몬,쓱쓱,둔감
0350,밀로틱,, 물,,남/여,6.2m,162.0kg,사랑포켓몬,이상한비늘,승기
0351,캐스퐁,, 노말,,남/여,0.3m,0.8kg,날씨포켓몬,기분파, 
0352,켈리몬,, 노말,,남/여,1.0m,22.0kg,색변화포켓몬,변색, 
0353,어둠대신,, 고스트,,남/여,0.6m,2.3kg,인형포켓몬,불면,통찰
0354,다크펫,, 고스트,,남/여,1.1m,12.5kg,봉제인형포켓몬,불면,통찰
0354,메가다크펫,, 고스트,,남/여,1.2m,13.0kg,봉제인형포켓몬,짓궂은마음, 
0355,해골몽,, 고스트,,남/여,0.8m,15.0kg,마중포켓몬,부유, 
0356,미라몽,, 고스트,,남/여,1.6m,30.6kg,손짓포켓몬,프레셔, 
0357,트로피우스,, 풀, 비행,남/여,2.0m,100.0kg,후르츠포켓몬,엽록소,선파워
0358,치렁,, 에스퍼,,남/여,0.6m,1.0kg,풍경포켓몬,부유, 
0359,앱솔,, 악,,남/여,1.2m,47.0kg,재난포켓몬,프레셔,대운
0359,메가앱솔,, 악,,남/여,1.2m,49.0kg,재난포켓몬,매직미러, 
0360,마자,, 에스퍼,,남/여,0.6m,14.0kg,명랑포켓몬,그림자밟기, 
0361,눈꼬마,, 얼음,,남/여,0.7m,16.8kg,눈우산포켓몬,정신력,아이스바디
0362,얼음귀신,, 얼음,,남/여,1.5m,256.5kg,얼굴포켓몬,정신력,아이스바디
0362,메가얼음귀신,, 얼음,,남/여,2.1m,350.2kg,얼굴포켓몬,프리즈스킨, 
0363,대굴레오,, 얼음, 물,남/여,0.8m,39.5kg,손뼉포켓몬,두꺼운지방,아이스바디
0364,씨레오,, 얼음, 물,남/여,1.1m,87.6kg,공돌리기포켓몬,두꺼운지방,아이스바디
0365,씨카이저,, 얼음, 물,남/여,1.4m,150.6kg,얼음깨기포켓몬,두꺼운지방,아이스바디
0366,진주몽,, 물,,남/여,0.4m,52.5kg,두조개포켓몬,조가비갑옷, 
0367,헌테일,, 물,,남/여,1.7m,27.0kg,깊은바다포켓몬,쓱쓱, 
0368,분홍장이,, 물,,남/여,1.8m,22.6kg,남해포켓몬,쓱쓱, 
0369,시라칸,, 물, 바위,남/여,1.0m,23.4kg,장수포켓몬,쓱쓱,돌머리
0370,사랑동이,, 물,,남/여,0.6m,8.7kg,랑데부포켓몬,쓱쓱, 
0371,아공이,, 드래곤,,남/여,0.6m,42.1kg,돌머리포켓몬,돌머리, 
0372,쉘곤,, 드래곤,,남/여,1.1m,110.5kg,인내포켓몬,돌머리, 
0373,보만다,, 드래곤, 비행,남/여,1.5m,102.6kg,드래곤포켓몬,위협, 
0373,메가보만다,, 드래곤, 비행,남/여,1.8m,112.6kg,드래곤포켓몬,스카이스킨, 
0374,메탕,, 강철, 에스퍼,불명,0.6m,95.2kg,철공포켓몬,클리어바디, 
0375,메탕구,, 강철, 에스퍼,불명,1.2m,202.5kg,철발톱포켓몬,클리어바디, 
0376,메타그로스,, 강철, 에스퍼,불명,1.6m,550.0kg,무쇠다리포켓몬,클리어바디, 
0376,메가메타그로스,, 강철, 에스퍼,불명,2.5m,942.9kg,무쇠다리포켓몬,단단한발톱, 
0377,레지락,, 바위,,불명,1.7m,230.0kg,바위산포켓몬,클리어바디, 
0378,레지아이스,, 얼음,,불명,1.8m,175.0kg,빙산포켓몬,클리어바디, 
0379,레지스틸,, 강철,,불명,1.9m,205.0kg,쇠철포켓몬,클리어바디, 
0380,라티아스,, 드래곤, 에스퍼,여,1.4m,40.0kg,무한포켓몬,부유, 
0380,메가라티아스,, 드래곤, 에스퍼,여,1.8m,52.0kg,무한포켓몬,부유, 
0381,라티오스,, 드래곤, 에스퍼,남,2.0m,60.0kg,무한포켓몬,부유, 
0381,메가라티오스,, 드래곤, 에스퍼,남,2.3m,70.0kg,무한포켓몬,부유, 
0382,가이오가,, 물,,불명,4.5m,352.0kg,해저포켓몬,잔비, 
0382,원시가이오가,, 물,,불명,9.8m,430.0kg,해저포켓몬,시작의바다, 
0383,그란돈,, 땅,,불명,3.5m,950.0kg,대륙포켓몬,가뭄, 
0383,원시그란돈,, 땅, 불꽃,불명,5.0m,999.7kg,대륙포켓몬,끝의대지, 
0384,레쿠쟈,, 드래곤, 비행,불명,7.0m,206.5kg,천공포켓몬,에어록, 
0384,메가레쿠쟈,, 드래곤, 비행,불명,10.8m,392.0kg,천공포켓몬,델타스트림, 
0385,지라치,, 강철, 에스퍼,불명,0.3m,1.1kg,희망사항포켓몬,하늘의은총, 
0386,테오키스,노말폼, 에스퍼,,불명,1.7m,60.8kg,DNA포켓몬,프레셔, 
0386,테오키스,어택폼, 에스퍼,,불명,1.7m,60.8kg,DNA포켓몬,프레셔, 
0386,테오키스,디펜스폼, 에스퍼,,불명,1.7m,60.8kg,DNA포켓몬,프레셔, 
0386,테오키스,스피드폼, 에스퍼,,불명,1.7m,60.8kg,DNA포켓몬,프레셔, 
0387,모부기,, 풀,,남/여,0.4m,10.2kg,어린잎포켓몬,심록, 
0388,수풀부기,, 풀,,남/여,1.1m,97.0kg,나무숲포켓몬,심록, 
0389,토대부기,, 풀, 땅,남/여,2.2m,310.0kg,대륙포켓몬,심록, 
0390,불꽃숭이,, 불꽃,,남/여,0.5m,6.2kg,꼬마원숭이포켓몬,맹화, 
0391,파이숭이,, 불꽃, 격투,남/여,0.9m,22.0kg,개구쟁이포켓몬,맹화, 
0392,초염몽,, 불꽃, 격투,남/여,1.2m,55.0kg,화염포켓몬,맹화, 
0393,팽도리,, 물,,남/여,0.4m,5.2kg,펭귄포켓몬,급류, 
0394,팽태자,, 물,,남/여,0.8m,23.0kg,펭귄포켓몬,급류, 
0395,엠페르트,, 물, 강철,남/여,1.7m,84.5kg,황제포켓몬,급류, 
0396,찌르꼬,, 노말, 비행,남/여,0.3m,2.0kg,찌르레기포켓몬,날카로운눈, 
0397,찌르버드,, 노말, 비행,남/여,0.6m,15.5kg,찌르레기포켓몬,위협, 
0398,찌르호크,, 노말, 비행,남/여,1.2m,24.9kg,맹금포켓몬,위협, 
0399,비버니,, 노말,,남/여,0.5m,20.0kg,둥글쥐포켓몬,단순,천진
0400,비버통,, 노말, 물,남/여,1.0m,31.5kg,비버포켓몬,단순,천진
0401,귀뚤뚜기,, 벌레,,남/여,0.3m,2.2kg,귀뚜라미포켓몬,탈피, 
0402,귀뚤톡크,, 벌레,,남/여,1.0m,25.5kg,귀뚜라미포켓몬,벌레의알림, 
0403,꼬링크,, 전기,,남/여,0.5m,9.5kg,섬광포켓몬,투쟁심,위협
0404,럭시오,, 전기,,남/여,0.9m,30.5kg,전광포켓몬,투쟁심,위협
0405,렌트라,, 전기,,남/여,1.4m,42.0kg,안광포켓몬,투쟁심,위협
0406,꼬몽울,, 풀, 독,남/여,0.2m,1.2kg,꽃봉오리포켓몬,자연회복,독가시
0407,로즈레이드,, 풀, 독,남/여,0.9m,14.5kg,부케포켓몬,자연회복,독가시
0408,두개도스,, 바위,,남/여,0.9m,31.5kg,박치기포켓몬,틀깨기, 
0409,램펄드,, 바위,,남/여,1.6m,102.5kg,박치기포켓몬,틀깨기, 
0410,방패톱스,, 바위, 강철,남/여,0.5m,57.0kg,실드포켓몬,옹골참, 
0411,바리톱스,, 바위, 강철,남/여,1.3m,149.5kg,실드포켓몬,옹골참, 
0412,도롱충이,초목도롱, 벌레,,남/여,0.2m,3.4kg,도롱이벌레포켓몬,탈피, 
0412,도롱충이,모래땅도롱, 벌레,,남/여,0.2m,3.4kg,도롱이벌레포켓몬,탈피, 
0412,도롱충이,슈레도롱, 벌레,,남/여,0.2m,3.4kg,도롱이벌레포켓몬,탈피, 
0413,도롱마담,초목도롱, 벌레, 풀,여,0.5m,6.5kg,도롱이벌레포켓몬,위험예지, 
0413,도롱마담,모래땅도롱, 벌레, 땅,여,0.5m,6.5kg,도롱이벌레포켓몬,위험예지, 
0413,도롱마담,슈레도롱, 벌레, 강철,여,0.5m,6.5kg,도롱이벌레포켓몬,위험예지, 
0414,나메일,, 벌레, 비행,남,0.9m,23.3kg,나방포켓몬,벌레의알림, 
0415,세꿀버리,, 벌레, 비행,남/여,0.3m,5.5kg,꼬마벌포켓몬,꿀모으기, 
0416,비퀸,, 벌레, 비행,여,1.2m,38.5kg,벌집포켓몬,프레셔, 
0417,파치리스,, 전기,,남/여,0.4m,3.9kg,전기다람쥐포켓몬,도주,픽업
0418,브이젤,, 물,,남/여,0.7m,29.5kg,바다족제비포켓몬,쓱쓱, 
0419,플로젤,, 물,,남/여,1.1m,33.5kg,바다족제비포켓몬,쓱쓱, 
0420,체리버,, 풀,,남/여,0.4m,3.3kg,버찌포켓몬,엽록소, 
0421,체리꼬,네거폼, 풀,,남/여,0.5m,9.3kg,벚꽃포켓몬,플라워기프트, 
0421,체리꼬,포지폼, 풀,,남/여,0.5m,9.3kg,벚꽃포켓몬,플라워기프트, 
0422,깝질무,서쪽바다, 물,,남/여,0.3m,6.3kg,갯민숭달팽이포켓몬,점착,마중물
0422,깝질무,동쪽바다, 물,,남/여,0.3m,6.3kg,갯민숭달팽이포켓몬,점착,마중물
0423,트리토돈,서쪽바다, 물, 땅,남/여,0.9m,29.9kg,갯민숭달팽이포켓몬,점착,마중물
0423,트리토돈,동쪽바다, 물, 땅,남/여,0.9m,29.9kg,갯민숭달팽이포켓몬,점착,마중물
0424,겟핸보숭,, 노말,,남/여,1.2m,20.3kg,긴꼬리포켓몬,테크니션,픽업
0425,흔들풍손,, 고스트, 비행,남/여,0.4m,1.2kg,풍선포켓몬,유폭,곡예
0426,둥실라이드,, 고스트, 비행,남/여,1.2m,15.0kg,기구포켓몬,유폭,곡예
0427,이어롤,, 노말,,남/여,0.4m,5.5kg,토끼포켓몬,도주,서투름
0428,이어롭,, 노말,,남/여,1.2m,33.3kg,토끼포켓몬,헤롱헤롱바디,서투름
0428,메가이어롭,, 노말, 격투,남/여,1.3m,28.3kg,토끼포켓몬,배짱, 
0429,무우마직,, 고스트,,남/여,0.9m,4.4kg,매지컬포켓몬,부유, 
0430,돈크로우,, 악, 비행,남/여,0.9m,27.3kg,큰형님포켓몬,불면,대운
0431,나옹마,, 노말,,남/여,0.5m,3.9kg,내숭포켓몬,유연,마이페이스
0432,몬냥이,, 노말,,남/여,1.0m,43.8kg,얼룩고양이포켓몬,두꺼운지방,마이페이스
0433,랑딸랑,, 에스퍼,,남/여,0.2m,0.6kg,방울포켓몬,부유, 
0434,스컹뿡,, 독, 악,남/여,0.4m,19.2kg,스컹크포켓몬,악취,유폭
0435,스컹탱크,, 독, 악,남/여,1.0m,38.0kg,스컹크포켓몬,악취,유폭
0436,동미러,, 강철, 에스퍼,불명,0.5m,60.5kg,청동포켓몬,부유,내열
0437,동탁군,, 강철, 에스퍼,불명,1.3m,187.0kg,동탁포켓몬,부유,내열
0438,꼬지지,, 바위,,남/여,0.5m,15.0kg,분재포켓몬,옹골참,돌머리
0439,흉내내,, 에스퍼, 페어리,남/여,0.6m,13.0kg,따라하기포켓몬,방음,필터
0440,핑복,, 노말,,여,0.6m,24.4kg,소꿉놀이포켓몬,자연회복,하늘의은총
0441,페라페,, 노말, 비행,남/여,0.5m,1.9kg,음표포켓몬,날카로운눈,갈지자걸음
0442,화강돌,, 고스트, 악,남/여,1.0m,108.0kg,봉인포켓몬,프레셔, 
0443,딥상어동,, 드래곤, 땅,남/여,0.7m,20.5kg,육지상어포켓몬,모래숨기, 
0444,한바이트,, 드래곤, 땅,남/여,1.4m,56.0kg,동굴포켓몬,모래숨기, 
0445,한카리아스,, 드래곤, 땅,남/여,1.9m,95.0kg,마하포켓몬,모래숨기, 
0445,메가한카리아스,, 드래곤, 땅,남/여,1.9m,95.0kg,마하포켓몬,모래의힘, 
0446,먹고자,, 노말,,남/여,0.6m,105.0kg,대식가포켓몬,픽업,두꺼운지방
0447,리오르,, 격투,,남/여,0.7m,20.2kg,파문포켓몬,불굴의마음,정신력
0448,루카리오,, 격투, 강철,남/여,1.2m,54.0kg,파동포켓몬,불굴의마음,정신력
0448,메가루카리오,, 격투, 강철,남/여,1.3m,57.5kg,파동포켓몬,적응력, 
0449,히포포타스,, 땅,,남/여,0.8m,49.5kg,하마포켓몬,모래날림, 
0450,하마돈,, 땅,,남/여,2.0m,300.0kg,중량포켓몬,모래날림, 
0451,스콜피,, 독, 벌레,남/여,0.8m,12.0kg,전갈포켓몬,전투무장,스나이퍼
0452,드래피온,, 독, 악,남/여,1.3m,61.5kg,요괴전갈포켓몬,전투무장,스나이퍼
0453,삐딱구리,, 독, 격투,남/여,0.7m,23.0kg,독설포켓몬,위험예지,건조피부
0454,독개굴,, 독, 격투,남/여,1.3m,44.4kg,독설포켓몬,위험예지,건조피부
0455,무스틈니,, 풀,,남/여,1.4m,27.0kg,벌레잡이포켓몬,부유, 
0456,형광어,, 물,,남/여,0.4m,7.0kg,비어포켓몬,쓱쓱,마중물
0457,네오라이트,, 물,,남/여,1.2m,24.0kg,네온포켓몬,쓱쓱,마중물
0458,타만타,, 물, 비행,남/여,1.0m,65.0kg,연포켓몬,쓱쓱,저수
0459,눈쓰개,, 풀, 얼음,남/여,1.0m,50.5kg,얼음나무포켓몬,눈퍼뜨리기, 
0460,눈설왕,, 풀, 얼음,남/여,2.2m,135.5kg,얼음나무포켓몬,눈퍼뜨리기, 
0460,메가눈설왕,, 풀, 얼음,남/여,2.7m,185.0kg,얼음나무포켓몬,눈퍼뜨리기, 
0461,포푸니라,, 악, 얼음,남/여,1.1m,34.0kg,갈고리손톱포켓몬,프레셔, 
0462,자포코일,, 전기, 강철,불명,1.2m,180.0kg,자기장포켓몬,자력,옹골참
0463,내룸벨트,, 노말,,남/여,1.7m,140.0kg,핥기포켓몬,마이페이스,둔감
0464,거대코뿌리,, 땅, 바위,남/여,2.4m,282.8kg,드릴포켓몬,피뢰침,하드록
0465,덩쿠림보,, 풀,,남/여,2.0m,128.6kg,넝쿨포켓몬,엽록소,리프가드
0466,에레키블,, 전기,,남/여,1.8m,138.6kg,뇌전포켓몬,전기엔진, 
0467,마그마번,, 불꽃,,남/여,1.6m,68.0kg,폭염포켓몬,불꽃몸, 
0468,토게키스,, 페어리, 비행,남/여,1.5m,38.0kg,축복포켓몬,의욕,하늘의은총
0469,메가자리,, 벌레, 비행,남/여,1.9m,51.5kg,깨비잠자리포켓몬,가속,색안경
0470,리피아,, 풀,,남/여,1.0m,25.5kg,심록포켓몬,리프가드, 
0471,글레이시아,, 얼음,,남/여,0.8m,25.9kg,신설포켓몬,눈숨기, 
0472,글라이온,, 땅, 비행,남/여,2.0m,42.5kg,송곳니전갈포켓몬,괴력집게,모래숨기
0473,맘모꾸리,, 얼음, 땅,남/여,2.5m,291.0kg,2개송곳니포켓몬,둔감,눈숨기
0474,폴리곤Z,, 노말,,남/여,0.9m,34.0kg,가상포켓몬,적응력,다운로드
0475,엘레이드,, 에스퍼, 격투,남,1.6m,52.0kg,검포켓몬,불굴의마음,예리함
0475,메가엘레이드,, 에스퍼, 격투,남,1.6m,56.4kg,검포켓몬,정신력, 
0476,대코파스,, 바위, 강철,남/여,1.4m,340.0kg,컴퍼스포켓몬,옹골참,자력
0477,야느와르몽,, 고스트,,남/여,2.2m,106.6kg,움켜쥐기포켓몬,프레셔, 
0478,눈여아,, 얼음, 고스트,여,1.3m,26.6kg,설국포켓몬,눈숨기, 
0479,로토무,로토무의 모습, 전기, 고스트,불명,0.3m,0.3kg,플라스마포켓몬,부유, 
0479,로토무,히트로토무, 전기, 불꽃,불명,0.3m,0.3kg,플라스마포켓몬,부유, 
0479,로토무,워시로토무, 전기, 물,불명,0.3m,0.3kg,플라스마포켓몬,부유, 
0479,로토무,프로스트로토무, 전기, 얼음,불명,0.3m,0.3kg,플라스마포켓몬,부유, 
0479,로토무,스핀로토무, 전기, 비행,불명,0.3m,0.3kg,플라스마포켓몬,부유, 
0479,로토무,커트로토무, 전기, 풀,불명,0.3m,0.3kg,플라스마포켓몬,부유, 
0480,유크시,, 에스퍼,,불명,0.3m,0.3kg,지식포켓몬,부유, 
0481,엠라이트,, 에스퍼,,불명,0.3m,0.3kg,감정포켓몬,부유, 
0482,아그놈,, 에스퍼,,불명,0.3m,0.3kg,의지포켓몬,부유, 
0483,디아루가,, 강철, 드래곤,불명,5.4m,683.0kg,시간포켓몬,프레셔, 
0483,디아루가,오리진폼, 강철, 드래곤,불명,7.0m,850.0kg,시간포켓몬,프레셔, 
0484,펄기아,, 물, 드래곤,불명,4.2m,336.0kg,공간포켓몬,프레셔, 
0484,펄기아,오리진폼, 물, 드래곤,불명,6.3m,660.0kg,공간포켓몬,프레셔, 
0485,히드런,, 불꽃, 강철,남/여,1.7m,430.0kg,화구포켓몬,타오르는불꽃, 
0486,레지기가스,, 노말,,불명,3.7m,420.0kg,거대포켓몬,슬로스타트, 
0487,기라티나,어나더폼, 고스트, 드래곤,불명,4.5m,750.0kg,반골포켓몬,프레셔, 
0487,기라티나,오리진폼, 고스트, 드래곤,불명,6.9m,650.0kg,반골포켓몬,부유, 
0488,크레세리아,, 에스퍼,,여,1.5m,85.6kg,초승달포켓몬,부유, 
0489,피오네,, 물,,불명,0.4m,3.1kg,해양포켓몬,촉촉바디, 
0490,마나피,, 물,,불명,0.3m,1.4kg,회유포켓몬,촉촉바디, 
0491,다크라이,, 악,,불명,1.5m,50.5kg,암흑포켓몬,나이트메어, 
0492,쉐이미,랜드폼, 풀,,불명,0.2m,2.1kg,감사포켓몬,자연회복, 
0492,쉐이미,스카이폼, 풀, 비행,불명,0.4m,5.2kg,감사포켓몬,하늘의은총, 
0493,아르세우스,, 노말,,불명,3.2m,320.0kg,창조포켓몬,멀티타입, 
0494,비크티니,, 에스퍼, 불꽃,불명,0.4m,4.0kg,승리포켓몬,승리의별, 
0495,주리비얀,, 풀,,남/여,0.6m,8.1kg,풀뱀포켓몬,심록, 
0496,샤비,, 풀,,남/여,0.8m,16.0kg,풀뱀포켓몬,심록, 
0497,샤로다,, 풀,,남/여,3.3m,63.0kg,로열포켓몬,심록, 
0498,뚜꾸리,, 불꽃,,남/여,0.5m,9.9kg,불돼지포켓몬,맹화, 
0499,차오꿀,, 불꽃, 격투,남/여,1.0m,55.5kg,불돼지포켓몬,맹화, 
0500,염무왕,, 불꽃, 격투,남/여,1.6m,150.0kg,큰불돼지포켓몬,맹화, 
0501,수댕이,, 물,,남/여,0.5m,5.9kg,해달포켓몬,급류, 
0502,쌍검자비,, 물,,남/여,0.8m,24.5kg,수행포켓몬,급류, 
0503,대검귀,, 물,,남/여,1.5m,94.6kg,관록포켓몬,급류, 
0503,대검귀,히스이의 모습, 물, 악,남/여,1.5m,58.2kg,관록포켓몬,급류, 
0504,보르쥐,, 노말,,남/여,0.5m,11.6kg,망보기포켓몬,도주,날카로운눈
0505,보르그,, 노말,,남/여,1.1m,27.0kg,경계포켓몬,발광,날카로운눈
0506,요테리,, 노말,,남/여,0.4m,4.1kg,강아지포켓몬,의기양양,픽업
0507,하데리어,, 노말,,남/여,0.9m,14.7kg,충견포켓몬,위협,모래헤치기
0508,바랜드,, 노말,,남/여,1.2m,61.0kg,관대포켓몬,위협,모래헤치기
0509,쌔비냥,, 악,,남/여,0.4m,10.1kg,성악포켓몬,유연,곡예
0510,레파르다스,, 악,,남/여,1.1m,37.5kg,냉혹포켓몬,유연,곡예
0511,야나프,, 풀,,남/여,0.6m,10.5kg,풀원숭이포켓몬,먹보, 
0512,야나키,, 풀,,남/여,1.1m,30.5kg,가시원숭이포켓몬,먹보, 
0513,바오프,, 불꽃,,남/여,0.6m,11.0kg,고온포켓몬,먹보, 
0514,바오키,, 불꽃,,남/여,1.0m,28.0kg,불티포켓몬,먹보, 
0515,앗차프,, 물,,남/여,0.6m,13.5kg,물뿌리기포켓몬,먹보, 
0516,앗차키,, 물,,남/여,1.0m,29.0kg,방수포켓몬,먹보, 
0517,몽나,, 에스퍼,,남/여,0.6m,23.3kg,꿈먹기포켓몬,예지몽,싱크로
0518,몽얌나,, 에스퍼,,남/여,1.1m,60.5kg,꿈결포켓몬,예지몽,싱크로
0519,콩둘기,, 노말, 비행,남/여,0.3m,2.1kg,아기비둘기포켓몬,부풀린가슴,대운
0520,유토브,, 노말, 비행,남/여,0.6m,15.0kg,들비둘기포켓몬,부풀린가슴,대운
0521,켄호로우,수컷의 모습, 노말, 비행,남,1.2m,29.0kg,프라이드포켓몬,부풀린가슴,대운
0521,켄호로우,암컷의 모습, 노말, 비행,여,1.2m,29.0kg,프라이드포켓몬,부풀린가슴,대운
0522,줄뮤마,, 전기,,남/여,0.8m,29.8kg,하전포켓몬,피뢰침,전기엔진
0523,제브라이카,, 전기,,남/여,1.6m,79.5kg,뇌전포켓몬,피뢰침,전기엔진
0524,단굴,, 바위,,남/여,0.4m,18.0kg,맨틀포켓몬,옹골참,깨어진갑옷
0525,암트르,, 바위,,남/여,0.9m,102.0kg,광석포켓몬,옹골참,깨어진갑옷
0526,기가이어스,, 바위,,남/여,1.7m,260.0kg,고압포켓몬,옹골참,모래날림
0527,또르박쥐,, 에스퍼, 비행,남/여,0.4m,2.1kg,박쥐포켓몬,천진,서투름
0528,맘박쥐,, 에스퍼, 비행,남/여,0.9m,10.5kg,구애포켓몬,천진,서투름
0529,두더류,, 땅,,남/여,0.3m,8.5kg,두더지포켓몬,모래헤치기,모래의힘
0530,몰드류,, 땅, 강철,남/여,0.7m,40.4kg,땅밑포켓몬,모래헤치기,모래의힘
0531,다부니,, 노말,,남/여,1.1m,31.0kg,히어링포켓몬,치유의마음,재생력
0531,메가다부니,, 노말, 페어리,남/여,1.5m,32.0kg,히어링포켓몬,치유의마음, 
0532,으랏차,, 격투,,남/여,0.6m,12.5kg,근골포켓몬,근성,우격다짐
0533,토쇠골,, 격투,,남/여,1.2m,40.0kg,근골포켓몬,근성,우격다짐
0534,노보청,, 격투,,남/여,1.4m,87.0kg,근골포켓몬,근성,우격다짐
0535,동챙이,, 물,,남/여,0.5m,4.5kg,올챙이포켓몬,쓱쓱,촉촉바디
0536,두까비,, 물, 땅,남/여,0.8m,17.0kg,진동포켓몬,쓱쓱,촉촉바디
0537,두빅굴,, 물, 땅,남/여,1.5m,62.0kg,진동포켓몬,쓱쓱,독수
0538,던지미,, 격투,,남,1.3m,55.5kg,유도포켓몬,근성,정신력
0539,타격귀,, 격투,,남,1.4m,51.0kg,태권도포켓몬,옹골참,정신력
0540,두르보,, 벌레, 풀,남/여,0.3m,2.5kg,재봉포켓몬,벌레의알림,엽록소
0541,두르쿤,, 벌레, 풀,남/여,0.5m,7.3kg,잎숨기포켓몬,리프가드,엽록소
0542,모아머,, 벌레, 풀,남/여,1.2m,20.5kg,육아포켓몬,벌레의알림,엽록소
0543,마디네,, 벌레, 독,남/여,0.4m,5.3kg,지네포켓몬,독가시,벌레의알림
0544,휠구,, 벌레, 독,남/여,1.2m,58.5kg,눈썹지네포켓몬,독가시,벌레의알림
0545,펜드라,, 벌레, 독,남/여,2.5m,200.5kg,메가지네포켓몬,독가시,벌레의알림
0546,소미안,, 풀, 페어리,남/여,0.3m,0.6kg,솜뭉치포켓몬,짓궂은마음,틈새포착
0547,엘풍,, 풀, 페어리,남/여,0.7m,6.6kg,바람숨기포켓몬,짓궂은마음,틈새포착
0548,치릴리,, 풀,,여,0.5m,6.6kg,뿌리포켓몬,엽록소,마이페이스
0549,드레디어,, 풀,,여,1.1m,16.3kg,꽃장식포켓몬,엽록소,마이페이스
0549,드레디어,히스이의 모습, 풀, 격투,여,1.2m,19.2kg,스핀포켓몬,엽록소,의욕
0550,배쓰나이,적색근의 모습, 물,,남/여,1.0m,18.0kg,흉포포켓몬,이판사판,적응력
0550,배쓰나이,청색근의 모습, 물,,남/여,1.0m,18.0kg,흉포포켓몬,돌머리,적응력
0550,배쓰나이,백색근의 모습, 물,,남/여,1.0m,18.0kg,온후포켓몬,주눅,적응력
0551,깜눈크,, 땅, 악,남/여,0.7m,15.2kg,사막악어포켓몬,위협,자기과신
0552,악비르,, 땅, 악,남/여,1.0m,33.4kg,사막악어포켓몬,위협,자기과신
0553,악비아르,, 땅, 악,남/여,1.5m,96.3kg,위협포켓몬,위협,자기과신
0554,달막화,, 불꽃,,남/여,0.6m,37.5kg,달마포켓몬,의욕, 
0554,달막화,가라르의 모습, 얼음,,남/여,0.7m,40.0kg,달마포켓몬,의욕, 
0555,불비달마,노말모드, 불꽃,,남/여,1.3m,92.9kg,염상포켓몬,우격다짐, 
0555,불비달마,달마모드, 불꽃, 에스퍼,남/여,1.3m,92.9kg,염상포켓몬,우격다짐, 
0555,불비달마,가라르의 모습, 얼음,,남/여,1.7m,120.0kg,달마포켓몬,무아지경, 
0555,불비달마,가라르의 모습 / 달마모드, 얼음, 불꽃,남/여,1.7m,120.0kg,염상포켓몬,무아지경, 
0556,마라카치,, 풀,,남/여,1.0m,28.0kg,선인장포켓몬,저수,엽록소
0557,돌살이,, 벌레, 바위,남/여,0.3m,14.5kg,돌집포켓몬,옹골참,조가비갑옷
0558,암팰리스,, 벌레, 바위,남/여,1.4m,200.0kg,바위집포켓몬,옹골참,조가비갑옷
0559,곤율랭,, 악, 격투,남/여,0.6m,11.8kg,탈피포켓몬,탈피,자기과신
0560,곤율거니,, 악, 격투,남/여,1.1m,30.0kg,악당포켓몬,탈피,자기과신
0561,심보러,, 에스퍼, 비행,남/여,1.4m,14.0kg,흡사새포켓몬,미라클스킨,매직가드
0562,데스마스,, 고스트,,남/여,0.5m,1.5kg,영혼포켓몬,미라, 
0562,데스마스,가라르의 모습, 땅, 고스트,남/여,0.5m,1.5kg,영혼포켓몬,떠도는영혼, 
0563,데스니칸,, 고스트,,남/여,1.7m,76.5kg,관포켓몬,미라, 
0564,프로토가,, 물, 바위,남/여,0.7m,16.5kg,옛날거북포켓몬,하드록,옹골참
0565,늑골라,, 물, 바위,남/여,1.2m,81.0kg,옛날거북포켓몬,하드록,옹골참
0566,아켄,, 바위, 비행,남/여,0.5m,9.5kg,최초새포켓몬,무기력, 
0567,아케오스,, 바위, 비행,남/여,1.4m,32.0kg,최초새포켓몬,무기력, 
0568,깨봉이,, 독,,남/여,0.6m,31.0kg,쓰레기봉투포켓몬,악취,점착
0569,더스트나,, 독,,남/여,1.9m,107.3kg,쓰레기장포켓몬,악취,깨어진갑옷
0569,더스트나,거다이맥스의 모습, 독,,남/여,21.0m~,???.?kg,쓰레기장포켓몬,악취,깨어진갑옷
0570,조로아,, 악,,남/여,0.7m,12.5kg,나쁜여우포켓몬,일루전, 
0570,조로아,히스이의 모습, 노말, 고스트,남/여,0.7m,12.5kg,원한여우포켓몬,일루전, 
0571,조로아크,, 악,,남/여,1.6m,81.1kg,요괴여우포켓몬,일루전, 
0571,조로아크,히스이의 모습, 노말, 고스트,남/여,1.6m,73.0kg,저주여우포켓몬,일루전, 
0572,치라미,, 노말,,남/여,0.4m,5.8kg,친칠라포켓몬,헤롱헤롱바디,테크니션
0573,치라치노,, 노말,,남/여,0.5m,7.5kg,스카프포켓몬,헤롱헤롱바디,테크니션
0574,고디탱,, 에스퍼,,남/여,0.4m,5.8kg,응시포켓몬,통찰,승기
0575,고디보미,, 에스퍼,,남/여,0.7m,18.0kg,조작포켓몬,통찰,승기
0576,고디모아젤,, 에스퍼,,남/여,1.5m,44.0kg,천체포켓몬,통찰,승기
0577,유니란,, 에스퍼,,남/여,0.3m,1.0kg,세포포켓몬,방진,매직가드
0578,듀란,, 에스퍼,,남/여,0.6m,8.0kg,분할포켓몬,방진,매직가드
0579,란쿨루스,, 에스퍼,,남/여,1.0m,20.1kg,증폭포켓몬,방진,매직가드
0580,꼬지보리,, 물, 비행,남/여,0.5m,5.5kg,물새포켓몬,날카로운눈,부풀린가슴
0581,스완나,, 물, 비행,남/여,1.3m,24.2kg,백조포켓몬,날카로운눈,부풀린가슴
0582,바닐프티,, 얼음,,남/여,0.4m,5.7kg,신설포켓몬,아이스바디,눈숨기
0583,바닐리치,, 얼음,,남/여,1.1m,41.0kg,빙설포켓몬,아이스바디,눈숨기
0584,배바닐라,, 얼음,,남/여,1.3m,57.5kg,블리자드포켓몬,아이스바디,눈퍼뜨리기
0585,사철록,봄의 모습, 노말, 풀,남/여,0.6m,19.5kg,계절포켓몬,엽록소,초식
0585,사철록,여름의 모습, 노말, 풀,남/여,0.6m,19.5kg,계절포켓몬,엽록소,초식
0585,사철록,가을의 모습, 노말, 풀,남/여,0.6m,19.5kg,계절포켓몬,엽록소,초식
0585,사철록,겨울의 모습, 노말, 풀,남/여,0.6m,19.5kg,계절포켓몬,엽록소,초식
0586,바라철록,봄의 모습, 노말, 풀,남/여,1.9m,92.5kg,계절포켓몬,엽록소,초식
0586,바라철록,여름의 모습, 노말, 풀,남/여,1.9m,92.5kg,계절포켓몬,엽록소,초식
0586,바라철록,가을의 모습, 노말, 풀,남/여,1.9m,92.5kg,계절포켓몬,엽록소,초식
0586,바라철록,겨울의 모습, 노말, 풀,남/여,1.9m,92.5kg,계절포켓몬,엽록소,초식
0587,에몽가,, 전기, 비행,남/여,0.4m,5.0kg,하늘다람쥐포켓몬,정전기, 
0588,딱정곤,, 벌레,,남/여,0.5m,5.9kg,덥석물기포켓몬,벌레의알림,탈피
0589,슈바르고,, 벌레, 강철,남/여,1.0m,33.0kg,기병포켓몬,벌레의알림,조가비갑옷
0590,깜놀버슬,, 풀, 독,남/여,0.2m,1.0kg,버섯포켓몬,포자, 
0591,뽀록나,, 풀, 독,남/여,0.6m,10.5kg,버섯포켓몬,포자, 
0592,탱그릴,수컷의 모습, 물, 고스트,남,1.2m,33.0kg,부유포켓몬,저수,저주받은바디
0592,탱그릴,암컷의 모습, 물, 고스트,여,1.2m,33.0kg,부유포켓몬,저수,저주받은바디
0593,탱탱겔,수컷의 모습, 물, 고스트,남,2.2m,135.0kg,부유포켓몬,저수,저주받은바디
0593,탱탱겔,암컷의 모습, 물, 고스트,여,2.2m,135.0kg,부유포켓몬,저수,저주받은바디
0594,맘복치,, 물,,남/여,1.2m,31.6kg,돌보기포켓몬,치유의마음,촉촉바디
0595,파쪼옥,, 벌레, 전기,남/여,0.1m,0.6kg,들러붙기포켓몬,복안,긴장감
0596,전툴라,, 벌레, 전기,남/여,0.8m,14.3kg,전기거미포켓몬,복안,긴장감
0597,철시드,, 풀, 강철,남/여,0.6m,18.8kg,가시열매포켓몬,철가시, 
0598,너트령,, 풀, 강철,남/여,1.0m,110.0kg,가시공포켓몬,철가시, 
0599,기어르,, 강철,,불명,0.3m,21.0kg,톱니바퀴포켓몬,플러스,마이너스
0600,기기어르,, 강철,,불명,0.6m,51.0kg,톱니바퀴포켓몬,플러스,마이너스
0601,기기기어르,, 강철,,불명,0.6m,81.0kg,톱니바퀴포켓몬,플러스,마이너스
0602,저리어,, 전기,,남/여,0.2m,0.3kg,전기물고기포켓몬,부유, 
0603,저리릴,, 전기,,남/여,1.2m,22.0kg,전기물고기포켓몬,부유, 
0604,저리더프,, 전기,,남/여,2.1m,80.5kg,전기물고기포켓몬,부유, 
0605,리그레,, 에스퍼,,남/여,0.5m,9.0kg,브레인포켓몬,텔레파시,싱크로
0606,벰크,, 에스퍼,,남/여,1.0m,34.5kg,브레인포켓몬,텔레파시,싱크로
0607,불켜미,, 고스트, 불꽃,남/여,0.3m,3.1kg,양초포켓몬,타오르는불꽃,불꽃몸
0608,램프라,, 고스트, 불꽃,남/여,0.6m,13.0kg,램프포켓몬,타오르는불꽃,불꽃몸
0609,샹델라,, 고스트, 불꽃,남/여,1.0m,34.3kg,권유포켓몬,타오르는불꽃,불꽃몸
0610,터검니,, 드래곤,,남/여,0.6m,18.0kg,이빨포켓몬,투쟁심,틀깨기
0611,액슨도,, 드래곤,,남/여,1.0m,36.0kg,도끼턱포켓몬,투쟁심,틀깨기
0612,액스라이즈,, 드래곤,,남/여,1.8m,105.5kg,도끼턱포켓몬,투쟁심,틀깨기
0613,코고미,, 얼음,,남/여,0.5m,8.5kg,빙결포켓몬,눈숨기,눈치우기
0614,툰베어,, 얼음,,남/여,2.6m,260.0kg,동결포켓몬,눈숨기,눈치우기
0615,프리지오,, 얼음,,불명,1.1m,148.0kg,결정포켓몬,부유, 
0616,쪼마리,, 벌레,,남/여,0.4m,7.7kg,달팽이포켓몬,촉촉바디,조가비갑옷
0617,어지리더,, 벌레,,남/여,0.8m,25.3kg,탈껍질포켓몬,촉촉바디,점착
0618,메더,, 땅, 전기,남/여,0.7m,11.0kg,트랩포켓몬,정전기,유연
0618,메더,가라르의 모습, 땅, 강철,남/여,0.7m,20.5kg,트랩포켓몬,의태, 
0619,비조푸,, 격투,,남/여,0.9m,20.0kg,무술포켓몬,정신력,재생력
0620,비조도,, 격투,,남/여,1.4m,35.5kg,무술포켓몬,정신력,재생력
0621,크리만,, 드래곤,,남/여,1.6m,139.0kg,동굴포켓몬,까칠한피부,우격다짐
0622,골비람,, 땅, 고스트,불명,1.0m,92.0kg,골렘포켓몬,철주먹,서투름
0623,골루그,, 땅, 고스트,불명,2.8m,330.0kg,골렘포켓몬,철주먹,서투름
0624,자망칼,, 악, 강철,남/여,0.5m,10.2kg,날붙이포켓몬,오기,정신력
0625,절각참,, 악, 강철,남/여,1.6m,70.0kg,도인포켓몬,오기,정신력
0626,버프론,, 노말,,남/여,1.6m,94.6kg,박치기소포켓몬,이판사판,초식
0627,수리둥보,, 노말, 비행,남,0.5m,10.5kg,새끼독수리포켓몬,날카로운눈,우격다짐
0628,워글,, 노말, 비행,남,1.5m,41.0kg,용맹포켓몬,날카로운눈,우격다짐
0628,워글,히스이의 모습, 에스퍼, 비행,남,1.7m,43.4kg,부르짖기포켓몬,날카로운눈,우격다짐
0629,벌차이,, 악, 비행,여,0.5m,9.0kg,기저귀포켓몬,부풀린가슴,방진
0630,버랜지나,, 악, 비행,여,1.2m,39.5kg,뼈독수리포켓몬,부풀린가슴,방진
0631,앤티골,, 불꽃,,남/여,1.4m,58.0kg,개미핥기포켓몬,먹보,타오르는불꽃
0632,아이앤트,, 벌레, 강철,남/여,0.3m,33.0kg,철개미포켓몬,벌레의알림,의욕
0633,모노두,, 악, 드래곤,남/여,0.8m,17.3kg,폭거포켓몬,의욕, 
0634,디헤드,, 악, 드래곤,남/여,1.4m,50.0kg,흉포포켓몬,의욕, 
0635,삼삼드래,, 악, 드래곤,남/여,1.8m,160.0kg,난폭포켓몬,부유, 
0636,활화르바,, 벌레, 불꽃,남/여,1.1m,28.8kg,횃불포켓몬,불꽃몸, 
0637,불카모스,, 벌레, 불꽃,남/여,1.6m,46.0kg,태양포켓몬,불꽃몸, 
0638,코바르온,, 강철, 격투,불명,2.1m,250.0kg,철심포켓몬,정의의마음, 
0639,테라키온,, 바위, 격투,불명,1.9m,260.0kg,암굴포켓몬,정의의마음, 
0640,비리디온,, 풀, 격투,불명,2.0m,200.0kg,초원포켓몬,정의의마음, 
0641,토네로스,화신폼, 비행,,남,1.5m,63.0kg,선풍포켓몬,짓궂은마음, 
0641,토네로스,영물폼, 비행,,남,1.4m,63.0kg,선풍포켓몬,재생력, 
0642,볼트로스,화신폼, 전기, 비행,남,1.5m,61.0kg,뇌격포켓몬,짓궂은마음, 
0642,볼트로스,영물폼, 전기, 비행,남,3.0m,61.0kg,뇌격포켓몬,축전, 
0643,레시라무,, 드래곤, 불꽃,불명,3.2m,330.0kg,백양포켓몬,터보블레이즈, 
0644,제크로무,, 드래곤, 전기,불명,2.9m,345.0kg,흑음포켓몬,테라볼티지, 
0645,랜드로스,화신폼, 땅, 비행,남,1.5m,68.0kg,풍요포켓몬,모래의힘, 
0645,랜드로스,영물폼, 땅, 비행,남,1.3m,68.0kg,풍요포켓몬,위협, 
0646,큐레무,큐레무의 모습, 드래곤, 얼음,불명,3.0m,325.0kg,경계포켓몬,프레셔, 
0646,큐레무,화이트큐레무, 드래곤, 얼음,불명,3.6m,325.0kg,경계포켓몬,터보블레이즈, 
0646,큐레무,블랙큐레무, 드래곤, 얼음,불명,3.3m,325.0kg,경계포켓몬,테라볼티지, 
0647,케르디오,평상시 모습, 물, 격투,불명,1.4m,48.5kg,망아지포켓몬,정의의마음, 
0647,케르디오,각오의 모습, 물, 격투,불명,1.4m,48.5kg,망아지포켓몬,정의의마음, 
0648,메로엣타,보이스폼, 노말, 에스퍼,불명,0.6m,6.5kg,선율포켓몬,하늘의은총, 
0648,메로엣타,스텝폼, 노말, 격투,불명,0.6m,6.5kg,선율포켓몬,하늘의은총, 
0649,게노세크트,, 벌레, 강철,불명,1.5m,82.5kg,고생대포켓몬,다운로드, 
0650,도치마론,, 풀,,남/여,0.4m,9.0kg,밤송이포켓몬,심록, 
0651,도치보구,, 풀,,남/여,0.7m,29.0kg,가시갑옷포켓몬,심록, 
0652,브리가론,, 풀, 격투,남/여,1.6m,90.0kg,가시갑옷포켓몬,심록, 
0653,푸호꼬,, 불꽃,,남/여,0.4m,9.4kg,여우포켓몬,맹화, 
0654,테르나,, 불꽃,,남/여,1.0m,14.5kg,여우포켓몬,맹화, 
0655,마폭시,, 불꽃, 에스퍼,남/여,1.5m,39.0kg,여우포켓몬,맹화, 
0656,개구마르,, 물,,남/여,0.3m,7.0kg,거품개구리포켓몬,급류, 
0657,개굴반장,, 물,,남/여,0.6m,10.9kg,거품개구리포켓몬,급류, 
0658,개굴닌자,, 물, 악,남/여,1.5m,40.0kg,시노비포켓몬,급류, 
0659,파르빗,, 노말,,남/여,0.4m,5.0kg,땅구멍파기포켓몬,픽업,볼주머니
0660,파르토,, 노말, 땅,남/여,1.0m,42.4kg,땅구멍파기포켓몬,픽업,볼주머니
0661,화살꼬빈,, 노말, 비행,남/여,0.3m,1.7kg,울새포켓몬,부풀린가슴, 
0662,불화살빈,, 불꽃, 비행,남/여,0.7m,16.0kg,불티포켓몬,불꽃몸, 
0663,파이어로,, 불꽃, 비행,남/여,1.2m,24.5kg,열화포켓몬,불꽃몸, 
0664,분이벌레,, 벌레,,남/여,0.3m,2.5kg,가루뿜기포켓몬,인분,복안
0665,분떠도리,, 벌레,,남/여,0.3m,8.4kg,가루뿜기포켓몬,탈피, 
0666,비비용,, 벌레, 비행,남/여,1.2m,17.0kg,인분포켓몬,인분,복안
0667,레오꼬,, 불꽃, 노말,남/여,0.6m,13.5kg,어린사자포켓몬,투쟁심,긴장감
0668,화염레오,수컷의 모습, 불꽃, 노말,남,1.5m,81.5kg,임금포켓몬,투쟁심,긴장감
0668,화염레오,암컷의 모습, 불꽃, 노말,여,1.5m,81.5kg,임금포켓몬,투쟁심,긴장감
0669,플라베베,, 페어리,,여,0.1m,0.1kg,한송이포켓몬,플라워베일, 
0670,플라엣테,, 페어리,,여,0.2m,0.9kg,한송이포켓몬,플라워베일, 
0671,플라제스,, 페어리,,여,1.1m,10.0kg,가든포켓몬,플라워베일, 
0672,메이클,, 풀,,남/여,0.9m,31.0kg,라이드포켓몬,초식, 
0673,고고트,, 풀,,남/여,1.7m,91.0kg,라이드포켓몬,초식, 
0674,판짱,, 격투,,남/여,0.6m,8.0kg,개구쟁이포켓몬,철주먹,틀깨기
0675,부란다,, 격투, 악,남/여,2.1m,136.0kg,무서운얼굴포켓몬,철주먹,틀깨기
0676,트리미앙,, 노말,,남/여,1.2m,28.0kg,푸들포켓몬,퍼코트, 
0677,냐스퍼,, 에스퍼,,남/여,0.3m,3.5kg,자제포켓몬,날카로운눈,틈새포착
0678,냐오닉스,수컷의 모습, 에스퍼,,남,0.6m,8.5kg,억제포켓몬,날카로운눈,틈새포착
0678,냐오닉스,암컷의 모습, 에스퍼,,여,0.6m,8.5kg,억제포켓몬,날카로운눈,틈새포착
0679,단칼빙,, 강철, 고스트,남/여,0.8m,2.0kg,도검포켓몬,노가드, 
0680,쌍검킬,, 강철, 고스트,남/여,0.8m,4.5kg,도검포켓몬,노가드, 
0681,킬가르도,실드폼, 강철, 고스트,남/여,1.7m,53.0kg,왕검포켓몬,배틀스위치, 
0681,킬가르도,블레이드폼, 강철, 고스트,남/여,1.7m,53.0kg,왕검포켓몬,배틀스위치, 
0682,슈쁘,, 페어리,,남/여,0.2m,0.5kg,향수포켓몬,치유의마음, 
0683,프레프티르,, 페어리,,남/여,0.8m,15.5kg,방향포켓몬,치유의마음, 
0684,나룸퍼프,, 페어리,,남/여,0.4m,3.5kg,솜사탕포켓몬,스위트베일, 
0685,나루림,, 페어리,,남/여,0.8m,5.0kg,휩포켓몬,스위트베일, 
0686,오케이징,, 악, 에스퍼,남/여,0.4m,3.5kg,회전포켓몬,심술꾸러기,흡반
0687,칼라마네로,, 악, 에스퍼,남/여,1.5m,47.0kg,역전포켓몬,심술꾸러기,흡반
0688,거북손손,, 바위, 물,남/여,0.5m,31.0kg,두손포켓몬,단단한발톱,스나이퍼
0689,거북손데스,, 바위, 물,남/여,1.3m,96.0kg,집합포켓몬,단단한발톱,스나이퍼
0690,수레기,, 독, 물,남/여,0.5m,7.3kg,풀모방포켓몬,독가시,독수
0691,드래캄,, 독, 드래곤,남/여,1.8m,81.5kg,풀모방포켓몬,독가시,독수
0692,완철포,, 물,,남/여,0.5m,8.3kg,물대포포켓몬,메가런처, 
0693,블로스터,, 물,,남/여,1.3m,35.3kg,런처포켓몬,메가런처, 
0694,목도리키텔,, 전기, 노말,남/여,0.5m,6.0kg,발전포켓몬,건조피부,모래숨기
0695,일레도리자드,, 전기, 노말,남/여,1.0m,21.0kg,발전포켓몬,건조피부,모래숨기
0696,티고라스,, 바위, 드래곤,남/여,0.8m,26.0kg,유군포켓몬,옹골찬턱, 
0697,견고라스,, 바위, 드래곤,남/여,2.5m,270.0kg,폭군포켓몬,옹골찬턱, 
0698,아마루스,, 바위, 얼음,남/여,1.3m,25.2kg,툰드라포켓몬,프리즈스킨, 
0699,아마루르가,, 바위, 얼음,남/여,2.7m,225.0kg,툰드라포켓몬,프리즈스킨, 
0700,님피아,, 페어리,,남/여,1.0m,23.5kg,연결포켓몬,헤롱헤롱바디, 
0701,루차불,, 격투, 비행,남/여,0.8m,21.5kg,레슬링포켓몬,유연,곡예
0702,데덴네,, 전기, 페어리,남/여,0.2m,2.2kg,안테나포켓몬,볼주머니,픽업
0703,멜리시,, 바위, 페어리,불명,0.3m,5.7kg,보석포켓몬,클리어바디, 
0704,미끄메라,, 드래곤,,남/여,0.3m,2.8kg,연체포켓몬,초식,촉촉바디
0705,미끄네일,, 드래곤,,남/여,0.8m,17.5kg,연체포켓몬,초식,촉촉바디
0705,미끄네일,히스이의 모습, 강철, 드래곤,남/여,0.7m,68.5kg,달팽이포켓몬,초식,조가비갑옷
0706,미끄래곤,, 드래곤,,남/여,2.0m,150.5kg,드래곤포켓몬,초식,촉촉바디
0706,미끄래곤,히스이의 모습, 강철, 드래곤,남/여,1.7m,334.1kg,껍질숨기포켓몬,초식,조가비갑옷
0707,클레피,, 강철, 페어리,남/여,0.2m,3.0kg,열쇠꾸러미포켓몬,짓궂은마음, 
0708,나목령,, 고스트, 풀,남/여,0.4m,7.0kg,그루터기포켓몬,자연회복,통찰
0709,대로트,, 고스트, 풀,남/여,1.5m,71.0kg,고목포켓몬,자연회복,통찰
0710,호바귀,, 고스트, 풀,남/여,0.4m,5.0kg,호박포켓몬,픽업,통찰
0711,펌킨인,, 고스트, 풀,남/여,0.9m,12.5kg,호박포켓몬,픽업,통찰
0712,꽁어름,, 얼음,,남/여,1.0m,99.5kg,얼음덩이포켓몬,마이페이스,아이스바디
0713,크레베이스,, 얼음,,남/여,2.0m,505.0kg,빙산포켓몬,마이페이스,아이스바디
0713,크레베이스,히스이의 모습, 얼음, 바위,남/여,1.4m,262.4kg,빙산포켓몬,옹골찬턱,아이스바디
0714,음뱃,, 비행, 드래곤,남/여,0.5m,8.0kg,음파포켓몬,통찰,틈새포착
0715,음번,, 비행, 드래곤,남/여,1.5m,85.0kg,음파포켓몬,통찰,틈새포착
0716,제르네아스,, 페어리,,불명,3.0m,215.0kg,생명포켓몬,페어리오라, 
0717,이벨타르,, 악, 비행,불명,5.8m,203.0kg,파괴포켓몬,다크오라, 
0718,지가르데,50%폼, 드래곤, 땅,불명,5.0m,305.0kg,질서포켓몬,오라브레이크,스웜체인지
0718,지가르데,10%폼, 드래곤, 땅,불명,1.2m,33.5kg,질서포켓몬,오라브레이크,스웜체인지
0718,지가르데,퍼펙트폼, 드래곤, 땅,불명,4.5m,610.0kg,질서포켓몬,스웜체인지, 
0719,디안시,, 바위, 페어리,불명,0.7m,8.8kg,보석포켓몬,클리어바디, 
0719,메가디안시,, 바위, 페어리,불명,1.1m,27.8kg,보석포켓몬,매직미러, 
0720,후파,굴레에 빠진 후파, 에스퍼, 고스트,불명,0.5m,9.0kg,장난포켓몬,매지션, 
0720,후파,굴레를 벗어난 후파, 에스퍼, 악,불명,6.5m,490.0kg,마신포켓몬,매지션, 
0721,볼케니온,, 불꽃, 물,불명,1.7m,195.0kg,스팀포켓몬,저수, 
0722,나몰빼미,, 풀, 비행,남/여,0.3m,1.5kg,풀깃포켓몬,심록, 
0723,빼미스로우,, 풀, 비행,남/여,0.7m,16.0kg,칼날깃포켓몬,심록, 
0724,모크나이퍼,, 풀, 고스트,남/여,1.6m,36.6kg,화살깃포켓몬,심록, 
0724,모크나이퍼,히스이의 모습, 풀, 격투,남/여,1.6m,37.0kg,화살깃포켓몬,심록, 
0725,냐오불,, 불꽃,,남/여,0.4m,4.3kg,불고양이포켓몬,맹화, 
0726,냐오히트,, 불꽃,,남/여,0.7m,25.0kg,불고양이포켓몬,맹화, 
0727,어흥염,, 불꽃, 악,남/여,1.8m,83.0kg,힐포켓몬,맹화, 
0728,누리공,, 물,,남/여,0.4m,7.5kg,강치포켓몬,급류, 
0729,키요공,, 물,,남/여,0.6m,17.5kg,아이돌포켓몬,급류, 
0730,누리레느,, 물, 페어리,남/여,1.8m,44.0kg,솔리스트포켓몬,급류, 
0731,콕코구리,, 노말, 비행,남/여,0.3m,1.2kg,딱따구리포켓몬,날카로운눈,스킬링크
0732,크라파,, 노말, 비행,남/여,0.6m,14.8kg,나팔입포켓몬,날카로운눈,스킬링크
0733,왕큰부리,, 노말, 비행,남/여,1.1m,26.0kg,대포포켓몬,날카로운눈,스킬링크
0734,영구스,, 노말,,남/여,0.4m,6.0kg,순회포켓몬,잠복,옹골찬턱
0735,형사구스,, 노말,,남/여,0.7m,14.2kg,잠복포켓몬,잠복,옹골찬턱
0736,턱지충이,, 벌레,,남/여,0.4m,4.4kg,유충포켓몬,벌레의알림, 
0737,전지충이,, 벌레, 전기,남/여,0.5m,10.5kg,배터리포켓몬,배터리, 
0738,투구뿌논,, 벌레, 전기,남/여,1.5m,45.0kg,뿔집게포켓몬,부유, 
0739,오기지게,, 격투,,남/여,0.6m,7.0kg,권투포켓몬,괴력집게,철주먹
0740,모단단게,, 격투, 얼음,남/여,1.7m,180.0kg,털게포켓몬,괴력집게,철주먹
0741,춤추새,이글이글스타일, 불꽃, 비행,남/여,0.6m,3.4kg,댄스포켓몬,무희, 
0741,춤추새,파칙파칙스타일, 전기, 비행,남/여,0.6m,3.4kg,댄스포켓몬,무희, 
0741,춤추새,훌라훌라스타일, 에스퍼, 비행,남/여,0.6m,3.4kg,댄스포켓몬,무희, 
0741,춤추새,하늘하늘스타일, 고스트, 비행,남/여,0.6m,3.4kg,댄스포켓몬,무희, 
0742,에블리,, 벌레, 페어리,남/여,0.1m,0.2kg,재니등에포켓몬,꿀모으기,인분
0743,에리본,, 벌레, 페어리,남/여,0.2m,0.5kg,재니등에포켓몬,꿀모으기,인분
0744,암멍이,, 바위,,남/여,0.5m,9.2kg,강아지포켓몬,날카로운눈,의기양양
0745,루가루암,한낮의 모습, 바위,,남/여,0.8m,25.0kg,늑대포켓몬,날카로운눈,모래헤치기
0745,루가루암,한밤중의 모습, 바위,,남/여,1.1m,25.0kg,늑대포켓몬,날카로운눈,의기양양
0745,루가루암,황혼의 모습, 바위,,남/여,0.8m,25.0kg,늑대포켓몬,단단한발톱, 
0746,약어리,단독의 모습, 물,,남/여,0.2m,0.3kg,잔물고기포켓몬,어군, 
0746,약어리,군집의 모습, 물,,남/여,8.2m,78.6kg,잔물고기포켓몬,어군, 
0747,시마사리,, 독, 물,남/여,0.4m,8.0kg,깨비사리포켓몬,무도한행동,유연
0748,더시마사리,, 독, 물,남/여,0.7m,14.5kg,깨비사리포켓몬,무도한행동,유연
0749,머드나기,, 땅,,남/여,1.0m,110.0kg,당나귀포켓몬,마이페이스,지구력
0750,만마드,, 땅,,남/여,2.5m,920.0kg,만마포켓몬,마이페이스,지구력
0751,물거미,, 물, 벌레,남/여,0.3m,4.0kg,수포포켓몬,수포, 
0752,깨비물거미,, 물, 벌레,남/여,1.8m,82.0kg,수포포켓몬,수포, 
0753,짜랑랑,, 풀,,남/여,0.3m,1.5kg,풀사마귀포켓몬,리프가드, 
0754,라란티스,, 풀,,남/여,0.9m,18.5kg,꽃사마귀포켓몬,리프가드, 
0755,자마슈,, 풀, 페어리,남/여,0.2m,1.5kg,발광포켓몬,발광,포자
0756,마셰이드,, 풀, 페어리,남/여,1.0m,11.5kg,발광포켓몬,발광,포자
0757,야도뇽,, 독, 불꽃,남/여,0.6m,4.8kg,독도마뱀포켓몬,부식, 
0758,염뉴트,, 독, 불꽃,여,1.2m,22.2kg,독도마뱀포켓몬,부식, 
0759,포곰곰,, 노말, 격투,남/여,0.5m,6.8kg,바둥바둥포켓몬,복슬복슬,서투름
0760,이븐곰,, 노말, 격투,남/여,2.1m,135.0kg,강한완력포켓몬,복슬복슬,서투름
0761,달콤아,, 풀,,여,0.3m,3.2kg,후르츠포켓몬,리프가드,둔감
0762,달무리나,, 풀,,여,0.7m,8.2kg,후르츠포켓몬,리프가드,둔감
0763,달코퀸,, 풀,,여,1.2m,21.4kg,후르츠포켓몬,리프가드,여왕의위엄
0764,큐아링,, 페어리,,남/여,0.1m,0.3kg,꽃따기포켓몬,플라워베일,힐링시프트
0765,하랑우탄,, 노말, 에스퍼,남/여,1.5m,76.0kg,현자포켓몬,정신력,텔레파시
0766,내던숭이,, 격투,,남/여,2.0m,82.8kg,연계포켓몬,리시버, 
0767,꼬시레,, 벌레, 물,남/여,0.5m,12.0kg,주행포켓몬,도망태세, 
0768,갑주무사,, 벌레, 물,남/여,2.0m,108.0kg,장갑포켓몬,위기회피, 
0769,모래꿍,, 고스트, 땅,남/여,0.5m,70.0kg,모래산포켓몬,꾸덕꾸덕굳기, 
0770,모래성이당,, 고스트, 땅,남/여,1.3m,250.0kg,모래성포켓몬,꾸덕꾸덕굳기, 
0771,해무기,, 물,,남/여,0.3m,1.2kg,해삼포켓몬,내용물분출, 
0772,타입:널,, 노말,,불명,1.9m,120.5kg,인공포켓몬,전투무장, 
0773,실버디,타입:노말, 노말,,불명,2.3m,100.5kg,인공포켓몬,AR시스템, 
0774,메테노,유성의 모습, 바위, 비행,불명,0.3m,40.0kg,유성포켓몬,리밋실드, 
0774,메테노,빨간색 코어, 바위, 비행,불명,0.3m,0.3kg,유성포켓몬,리밋실드, 
0775,자말라,, 노말,,남/여,0.4m,19.9kg,꿈결포켓몬,절대안깸, 
0776,폭거북스,, 불꽃, 드래곤,남/여,2.0m,212.0kg,폭발거북포켓몬,조가비갑옷, 
0777,토게데마루,, 전기, 강철,남/여,0.3m,3.3kg,동글동글포켓몬,철가시,피뢰침
0778,따라큐,둔갑한 모습, 고스트, 페어리,남/여,0.2m,0.7kg,탈포켓몬,탈, 
0779,치갈기,, 물, 에스퍼,남/여,0.9m,19.0kg,이갈기포켓몬,비비드바디,옹골찬턱
0780,할비롱,, 노말, 드래곤,남/여,3.0m,185.0kg,느긋누긋포켓몬,발끈,초식
0781,타타륜,, 고스트, 풀,불명,3.9m,210.0kg,해초조각포켓몬,강철술사, 
0782,짜랑꼬,, 드래곤,,남/여,0.6m,29.7kg,비늘포켓몬,방탄,방음
0783,짜랑고우,, 드래곤, 격투,남/여,1.2m,47.0kg,비늘포켓몬,방탄,방음
0784,짜랑고우거,, 드래곤, 격투,남/여,1.6m,78.2kg,비늘포켓몬,방탄,방음
0785,카푸꼬꼬꼭,, 전기, 페어리,불명,1.8m,20.5kg,토속신포켓몬,일렉트릭메이커, 
0786,카푸나비나,, 에스퍼, 페어리,불명,1.2m,18.6kg,토속신포켓몬,사이코메이커, 
0787,카푸브루루,, 풀, 페어리,불명,1.9m,45.5kg,토속신포켓몬,그래스메이커, 
0788,카푸느지느,, 물, 페어리,불명,1.3m,21.2kg,토속신포켓몬,미스트메이커, 
0789,코스모그,, 에스퍼,,불명,0.2m,0.1kg,성운포켓몬,천진, 
0790,코스모움,, 에스퍼,,불명,0.1m,999.9kg,원시성포켓몬,옹골참, 
0791,솔가레오,, 에스퍼, 강철,불명,3.4m,230.0kg,일륜포켓몬,메탈프로텍트, 
0792,루나아라,, 에스퍼, 고스트,불명,4.0m,120.0kg,월륜포켓몬,스펙터가드, 
0793,텅비드,, 바위, 독,불명,1.2m,55.5kg,기생포켓몬,비스트부스트, 
0794,매시붕,, 벌레, 격투,불명,2.4m,333.6kg,팽창포켓몬,비스트부스트, 
0795,페로코체,, 벌레, 격투,불명,1.8m,25.0kg,염미포켓몬,비스트부스트, 
0796,전수목,, 전기,,불명,3.8m,100.0kg,전기장식포켓몬,비스트부스트, 
0797,철화구야,, 강철, 비행,불명,9.2m,999.9kg,쏴올리기포켓몬,비스트부스트, 
0798,종이신도,, 풀, 강철,불명,0.3m,0.1kg,발도포켓몬,비스트부스트, 
0799,악식킹,, 악, 드래곤,불명,5.5m,888.0kg,악식성포켓몬,비스트부스트, 
0800,네크로즈마,, 에스퍼,,불명,2.4m,230.0kg,프리즘포켓몬,프리즘아머, 
0800,네크로즈마,황혼의 갈기, 에스퍼, 강철,불명,3.8m,460.0kg,프리즘포켓몬,프리즘아머, 
0800,네크로즈마,새벽의 날개, 에스퍼, 고스트,불명,4.2m,350.0kg,프리즘포켓몬,프리즘아머, 
0800,네크로즈마,울트라네크로즈마, 에스퍼, 드래곤,불명,7.5m,230.0kg,프리즘포켓몬,브레인포스, 
0801,마기아나,, 강철, 페어리,불명,1.0m,80.5kg,인조포켓몬,소울하트, 
0802,마샤도,, 격투, 고스트,불명,0.7m,22.2kg,그림자살이포켓몬,테크니션, 
0803,베베놈,, 독,,불명,0.6m,1.8kg,독침포켓몬,비스트부스트, 
0804,아고용,, 독, 드래곤,불명,3.6m,150.0kg,독침포켓몬,비스트부스트, 
0805,차곡차곡,, 바위, 강철,불명,5.5m,820.0kg,돌담포켓몬,비스트부스트, 
0806,두파팡,, 불꽃, 고스트,불명,1.8m,13.0kg,불꽃놀이포켓몬,비스트부스트, 
0807,제라오라,, 전기,,불명,1.5m,44.5kg,신뢰포켓몬,축전, 
0808,멜탄,, 강철,,불명,0.2m,8.0kg,너트포켓몬,자력, 
0809,멜메탈,, 강철,,불명,2.5m,800.0kg,너트포켓몬,철주먹, 
0810,흥나숭,, 풀,,남/여,0.3m,5.0kg,꼬마원숭이포켓몬,심록, 
0811,채키몽,, 풀,,남/여,0.7m,14.0kg,비트포켓몬,심록, 
0812,고릴타,, 풀,,남/여,2.1m,90.0kg,드러머포켓몬,심록, 
0812,고릴타,거다이맥스의 모습, 풀,,남/여,28.0m~,???.?kg,드러머포켓몬,심록, 
0813,염버니,, 불꽃,,남/여,0.3m,4.5kg,토끼포켓몬,맹화, 
0814,래비풋,, 불꽃,,남/여,0.6m,9.0kg,토끼포켓몬,맹화, 
0815,에이스번,, 불꽃,,남/여,1.4m,33.0kg,스트라이커포켓몬,맹화, 
0815,에이스번,거다이맥스의 모습, 불꽃,,남/여,27.0m~,???.?kg,스트라이커포켓몬,맹화, 
0816,울머기,, 물,,남/여,0.3m,4.0kg,물도마뱀포켓몬,급류, 
0817,누겔레온,, 물,,남/여,0.7m,11.5kg,물도마뱀포켓몬,급류, 
0818,인텔리레온,, 물,,남/여,1.9m,45.2kg,에이전트포켓몬,급류, 
0818,인텔리레온,거다이맥스의 모습, 물,,남/여,40.0m~,???.?kg,에이전트포켓몬,급류, 
0819,탐리스,, 노말,,남/여,0.3m,2.5kg,볼가득포켓몬,볼주머니, 
0820,요씽리스,, 노말,,남/여,0.6m,6.0kg,욕심쟁이포켓몬,볼주머니, 
0821,파라꼬,, 비행,,남/여,0.2m,1.8kg,아기새포켓몬,날카로운눈,긴장감
0822,파크로우,, 비행,,남/여,0.8m,16.0kg,까마귀포켓몬,날카로운눈,긴장감
0823,아머까오,, 비행, 강철,남/여,2.2m,75.0kg,까마귀포켓몬,프레셔,긴장감
0823,아머까오,거다이맥스의 모습, 비행, 강철,남/여,14.0m~,???.?kg,까마귀포켓몬,프레셔,긴장감
0824,두루지벌레,, 벌레,,남/여,0.4m,8.0kg,유충포켓몬,벌레의알림,복안
0825,레돔벌레,, 벌레, 에스퍼,남/여,0.4m,19.5kg,레이돔포켓몬,벌레의알림,복안
0826,이올브,, 벌레, 에스퍼,남/여,0.4m,40.8kg,칠성포켓몬,벌레의알림,통찰
0826,이올브,거다이맥스의 모습, 벌레, 에스퍼,남/여,14.0m~,???.?kg,칠성포켓몬,벌레의알림,통찰
0827,훔처우,, 악,,남/여,0.6m,8.9kg,여우포켓몬,도주,곡예
0828,폭슬라이,, 악,,남/여,1.2m,19.9kg,여우포켓몬,도주,곡예
0829,꼬모카,, 풀,,남/여,0.4m,2.2kg,꽃장식포켓몬,솜털,재생력
0830,백솜모카,, 풀,,남/여,0.5m,2.5kg,솜장식포켓몬,솜털,재생력
0831,우르,, 노말,,남/여,0.6m,6.0kg,양포켓몬,복슬복슬,도주
0832,배우르,, 노말,,남/여,1.3m,43.0kg,양포켓몬,복슬복슬,불굴의마음
0833,깨물부기,, 물,,남/여,0.3m,8.5kg,물고늘어지기포켓몬,옹골찬턱,조가비갑옷
0834,갈가부기,, 물, 바위,남/여,1.0m,115.5kg,물어뜯기포켓몬,옹골찬턱,조가비갑옷
0834,갈가부기,거다이맥스의 모습, 물, 바위,남/여,24.0m~,???.?kg,물어뜯기포켓몬,옹골찬턱,조가비갑옷
0835,멍파치,, 전기,,남/여,0.3m,13.5kg,강아지포켓몬,볼줍기, 
0836,펄스멍,, 전기,,남/여,1.0m,34.0kg,개포켓몬,옹골찬턱, 
0837,탄동,, 바위,,남/여,0.3m,12.0kg,석탄포켓몬,증기기관,내열
0838,탄차곤,, 바위, 불꽃,남/여,1.1m,78.0kg,석탄포켓몬,증기기관,불꽃몸
0839,석탄산,, 바위, 불꽃,남/여,2.8m,310.5kg,석탄포켓몬,증기기관,불꽃몸
0839,석탄산,거다이맥스의 모습, 바위, 불꽃,남/여,42.0m~,???.?kg,석탄포켓몬,증기기관,불꽃몸
0840,과사삭벌레,, 풀, 드래곤,남/여,0.2m,0.5kg,사과살이포켓몬,숙성,먹보
0841,애프룡,, 풀, 드래곤,남/여,0.3m,1.0kg,사과날개포켓몬,숙성,먹보
0841,애프룡,거다이맥스의 모습, 풀, 드래곤,남/여,24.0m~,???.?kg,사과날개포켓몬,숙성,먹보
0842,단지래플,, 풀, 드래곤,남/여,0.4m,13.0kg,사과즙포켓몬,숙성,먹보
0842,단지래플,거다이맥스의 모습, 풀, 드래곤,남/여,24.0m~,???.?kg,사과즙포켓몬,숙성,먹보
0843,모래뱀,, 땅,,남/여,2.2m,7.6kg,모래뱀포켓몬,모래뿜기,탈피
0844,사다이사,, 땅,,남/여,3.8m,65.5kg,모래뱀포켓몬,모래뿜기,탈피
0844,사다이사,거다이맥스의 모습, 땅,,남/여,22.0m~,???.?kg,모래뱀포켓몬,모래뿜기,탈피
0845,윽우지,, 비행, 물,남/여,0.8m,18.0kg,그대로삼키기포켓몬,그대로꿀꺽미사일, 
0846,찌로꼬치,, 물,,남/여,0.5m,1.0kg,돌격포켓몬,쓱쓱, 
0847,꼬치조,, 물,,남/여,1.3m,30.0kg,꼬치포켓몬,쓱쓱, 
0848,일레즌,, 전기, 독,남/여,0.4m,11.0kg,젖먹이포켓몬,주눅,정전기
0849,스트린더,하이한 모습, 전기, 독,남/여,1.6m,40.0kg,펑크포켓몬,펑크록,플러스
0849,스트린더,로우한 모습, 전기, 독,남/여,1.6m,40.0kg,펑크포켓몬,펑크록,마이너스
0849,스트린더,하이한 모습 / 거다이맥스의 모습, 전기, 독,남/여,24.0m~,???.?kg,펑크포켓몬,펑크록,플러스
0850,태우지네,, 불꽃, 벌레,남/여,0.7m,1.0kg,발열포켓몬,타오르는불꽃,하얀연기
0851,다태우지네,, 불꽃, 벌레,남/여,3.0m,120.0kg,발열포켓몬,타오르는불꽃,하얀연기
0851,다태우지네,거다이맥스의 모습, 불꽃, 벌레,남/여,75.0m~,???.?kg,발열포켓몬,타오르는불꽃,하얀연기
0852,때때무노,, 격투,,남/여,0.6m,4.0kg,떼쟁이포켓몬,유연, 
0853,케오퍼스,, 격투,,남/여,1.6m,39.0kg,유술포켓몬,유연, 
0854,데인차,위작폼, 고스트,,불명,0.1m,0.2kg,홍차포켓몬,깨어진갑옷, 
0854,데인차,진작폼, 고스트,,불명,0.1m,0.2kg,홍차포켓몬,깨어진갑옷, 
0855,포트데스,위작폼, 고스트,,불명,0.2m,0.4kg,홍차포켓몬,깨어진갑옷, 
0855,포트데스,진작폼, 고스트,,불명,0.2m,0.4kg,홍차포켓몬,깨어진갑옷, 
0856,몸지브림,, 에스퍼,,여,0.4m,3.4kg,차분포켓몬,치유의마음,위험예지
0857,손지브림,, 에스퍼,,여,0.6m,4.8kg,정숙포켓몬,치유의마음,위험예지
0858,브리무음,, 에스퍼, 페어리,여,2.1m,5.1kg,정적포켓몬,치유의마음,위험예지
0858,브리무음,거다이맥스의 모습, 에스퍼, 페어리,여,26.0m~,???.?kg,정적포켓몬,치유의마음,위험예지
0859,메롱꿍,, 악, 페어리,남,0.4m,5.5kg,꾀부리기포켓몬,짓궂은마음,통찰
0860,쏘겨모,, 악, 페어리,남,0.8m,12.5kg,성악포켓몬,짓궂은마음,통찰
0861,오롱털,, 악, 페어리,남,1.5m,61.0kg,벌크업포켓몬,짓궂은마음,통찰
0861,오롱털,거다이맥스의 모습, 악, 페어리,남,32.0m~,???.?kg,벌크업포켓몬,짓궂은마음,통찰
0862,가로막구리,, 악, 노말,남/여,1.6m,46.0kg,정지포켓몬,이판사판,근성
0863,나이킹,, 강철,,남/여,0.8m,28.0kg,바이킹포켓몬,전투무장,단단한발톱
0864,산호르곤,, 고스트,,남/여,1.0m,0.4kg,산호포켓몬,깨어진갑옷, 
0865,창파나이트,, 격투,,남/여,0.8m,117.0kg,청둥오리포켓몬,불굴의마음, 
0866,마임꽁꽁,, 얼음, 에스퍼,남/여,1.5m,58.2kg,코미디언포켓몬,갈지자걸음,배리어프리
0867,데스판,, 땅, 고스트,남/여,1.6m,66.6kg,원념포켓몬,떠도는영혼, 
0868,마빌크,, 페어리,,여,0.2m,0.3kg,크림포켓몬,스위트베일, 
0869,마휘핑,, 페어리,,여,0.3m,0.5kg,크림포켓몬,스위트베일, 
0869,마휘핑,거다이맥스의 모습, 페어리,,여,30.0m~,???.?kg,크림포켓몬,스위트베일, 
0870,대여르,, 격투,,불명,3.0m,62.0kg,진형포켓몬,전투무장, 
0871,찌르성게,, 전기,,남/여,0.3m,1.0kg,성게포켓몬,피뢰침, 
0872,누니머기,, 얼음, 벌레,남/여,0.3m,3.8kg,애벌레포켓몬,인분, 
0873,모스노우,, 얼음, 벌레,남/여,1.3m,42.0kg,얼음나방포켓몬,인분, 
0874,돌헨진,, 바위,,남/여,2.5m,520.0kg,거석포켓몬,파워스폿, 
0875,빙큐보,아이스페이스, 얼음,,남/여,1.4m,89.0kg,펭귄포켓몬,아이스페이스, 
0875,빙큐보,나이스페이스, 얼음,,남/여,1.4m,89.0kg,펭귄포켓몬,아이스페이스, 
0876,에써르,수컷의 모습, 에스퍼, 노말,남,0.9m,28.0kg,감정포켓몬,정신력,싱크로
0876,에써르,암컷의 모습, 에스퍼, 노말,여,0.9m,28.0kg,감정포켓몬,마이페이스,싱크로
0877,모르페코,배부른 모양, 전기, 악,남/여,0.3m,3.0kg,양면포켓몬,꼬르륵스위치, 
0877,모르페코,배고픈 모양, 전기, 악,남/여,0.3m,3.0kg,양면포켓몬,꼬르륵스위치, 
0878,끼리동,, 강철,,남/여,1.2m,100.0kg,동상포켓몬,우격다짐, 
0879,대왕끼리동,, 강철,,남/여,3.0m,650.0kg,동상포켓몬,우격다짐, 
0879,대왕끼리동,거다이맥스의 모습, 강철,,남/여,23.0m~,???.?kg,동상포켓몬,우격다짐, 
0880,파치래곤,, 전기, 드래곤,불명,1.8m,190.0kg,화석포켓몬,축전,의욕
0881,파치르돈,, 전기, 얼음,불명,2.3m,150.0kg,화석포켓몬,축전,정전기
0882,어래곤,, 물, 드래곤,불명,2.3m,215.0kg,화석포켓몬,저수,옹골찬턱
0883,어치르돈,, 물, 얼음,불명,2.0m,175.0kg,화석포켓몬,저수,아이스바디
0884,두랄루돈,, 강철, 드래곤,남/여,1.8m,40.0kg,합금포켓몬,라이트메탈,헤비메탈
0884,두랄루돈,거다이맥스의 모습, 강철, 드래곤,남/여,43.0m~,???.?kg,합금포켓몬,라이트메탈,헤비메탈
0885,드라꼰,, 드래곤, 고스트,남/여,0.5m,2.0kg,원망포켓몬,클리어바디,틈새포착
0886,드래런치,, 드래곤, 고스트,남/여,1.4m,11.0kg,돌보미포켓몬,클리어바디,틈새포착
0887,드래펄트,, 드래곤, 고스트,남/여,3.0m,50.0kg,스텔스포켓몬,클리어바디,틈새포착
0888,자시안,역전의 용사, 페어리,,불명,2.8m,110.0kg,강자포켓몬,불요의검, 
0888,자시안,검왕, 페어리, 강철,불명,2.8m,355.0kg,강자포켓몬,불요의검, 
0889,자마젠타,역전의 용사, 격투,,불명,2.9m,210.0kg,강자포켓몬,불굴의방패, 
0889,자마젠타,방패왕, 격투, 강철,불명,2.9m,785.0kg,강자포켓몬,불굴의방패, 
0890,무한다이노,, 독, 드래곤,불명,20.0m,950.0kg,거대포켓몬,프레셔, 
0891,치고마,, 격투,,남/여,0.6m,12.0kg,권법포켓몬,정신력, 
0892,우라오스,일격의 태세, 격투, 악,남/여,1.9m,105.0kg,권법포켓몬,보이지않는주먹, 
0892,우라오스,연격의 태세, 격투, 물,남/여,1.9m,105.0kg,권법포켓몬,보이지않는주먹, 
0892,우라오스,일격의 태세 / 거다이맥스의 모습, 격투, 악,남/여,29.0m~,???.?kg,권법포켓몬,보이지않는주먹, 
0892,우라오스,연격의 태세 / 거다이맥스의 모습, 격투, 물,남/여,26.0m~,???.?kg,권법포켓몬,보이지않는주먹, 
0893,자루도,, 악, 풀,불명,1.8m,70.0kg,나쁜원숭이포켓몬,리프가드, 
0849,스트린더,로우한   모습  /  거다이맥스의   모습, 전기, 독,남/여,24.0m~,???.?kg,펑크포켓몬,펑크록,마이너스
0894,레지에레키,, 전기,,불명,1.2m,145.0kg,일렉트론포켓몬,트랜지스터, 
0895,레지드래고,, 드래곤,,불명,2.1m,200.0kg,용옥포켓몬,용의턱, 
0896,블리자포스,, 얼음,,불명,2.2m,800.0kg,사나운말포켓몬,백의울음, 
0897,레이스포스,, 고스트,,불명,2.0m,44.5kg,빠른말포켓몬,흑의울음, 
0898,버드렉스,, 에스퍼, 풀,불명,1.1m,7.7kg,킹포켓몬,긴장감, 
0898,버드렉스,백마 탄 모습, 에스퍼, 얼음,불명,2.4m,809.1kg,엠페러포켓몬,혼연일체, 
0898,버드렉스,흑마 탄 모습, 에스퍼, 고스트,불명,2.4m,53.6kg,엠페러포켓몬,혼연일체, 
0899,신비록,, 노말, 에스퍼,남/여,1.8m,95.1kg,큰뿔포켓몬,위협,통찰
0900,사마자르,, 벌레, 바위,남/여,1.8m,89.0kg,큰도끼포켓몬,벌레의알림,우격다짐
0901,다투곰,, 땅, 노말,남/여,2.4m,290.0kg,이탄포켓몬,근성,방탄
0902,대쓰여너,수컷의 모습, 물, 고스트,남,3.0m,110.0kg,큰물고기포켓몬,쓱쓱,적응력
0902,대쓰여너,암컷의 모습, 물, 고스트,여,3.0m,110.0kg,큰물고기포켓몬,쓱쓱,적응력
0903,포푸니크,, 격투, 독,남/여,1.3m,43.0kg,클라이밍포켓몬,프레셔,곡예
0904,장침바루,, 악, 독,남/여,2.5m,60.5kg,침봉포켓몬,독가시,쓱쓱
0905,러브로스,화신폼, 페어리, 비행,여,1.6m,48.0kg,애증포켓몬,헤롱헤롱바디, 
0905,러브로스,영물폼, 페어리, 비행,여,1.6m,48.0kg,애증포켓몬,방진, 
0144,프리져,가라르의 모습, 에스퍼, 비행,불명,1.7m,50.9kg,냉혹포켓몬,승기, 
0145,썬더,가라르의 모습, 격투, 비행,불명,1.6m,58.2kg,건각포켓몬,오기, 
0146,파이어,가라르의 모습, 악, 비행,불명,2.0m,66.0kg,사악포켓몬,발끈, 
0199,야도킹,가라르의 모습, 독, 에스퍼,남/여,1.8m,79.5kg,술사포켓몬,기묘한약,마이페이스
0128,켄타로스,팔데아의 모습 / 컴뱃종, 격투,,남,1.4m,115.0kg,성난소포켓몬,위협,분노의경혈
0128,켄타로스,팔데아의 모습 / 블레이즈종, 격투, 불꽃,남,1.4m,85.0kg,성난소포켓몬,위협,분노의경혈
0128,켄타로스,팔데아의 모습 / 워터종, 격투, 물,남,1.4m,110.0kg,성난소포켓몬,위협,분노의경혈
0194,우파,팔데아의 모습, 독, 땅,남/여,0.4m,11.0kg,독물고기포켓몬,독가시,저수
0906,나오하,, 풀,,남/여,0.4m,4.1kg,풀고양이포켓몬,심록, 
0907,나로테,, 풀,,남/여,0.9m,12.2kg,풀고양이포켓몬,심록, 
0908,마스카나,, 풀, 악,남/여,1.5m,31.2kg,매지션포켓몬,심록, 
0909,뜨아거,, 불꽃,,남/여,0.4m,9.8kg,불꽃악어포켓몬,맹화, 
0910,악뜨거,, 불꽃,,남/여,1.0m,30.7kg,불꽃악어포켓몬,맹화, 
0911,라우드본,, 불꽃, 고스트,남/여,1.6m,326.5kg,싱어포켓몬,맹화, 
0912,꾸왁스,, 물,,남/여,0.5m,6.1kg,꼬마오리포켓몬,급류, 
0913,아꾸왁,, 물,,남/여,1.2m,21.5kg,레슨포켓몬,급류, 
0914,웨이니발,, 물, 격투,남/여,1.8m,61.9kg,댄서포켓몬,급류, 
0915,맛보돈,, 노말,,남/여,0.5m,10.2kg,돼지포켓몬,아로마베일,먹보
0916,퍼퓨돈,수컷의 모습, 노말,,남,1.0m,120.0kg,돼지포켓몬,가시지않는향기,먹보
0916,퍼퓨돈,암컷의 모습, 노말,,여,1.0m,120.0kg,돼지포켓몬,아로마베일,먹보
0917,타랜툴라,, 벌레,,남/여,0.3m,4.0kg,실타래포켓몬,불면, 
0918,트래피더,, 벌레,,남/여,1.0m,16.5kg,트랩포켓몬,불면, 
0919,콩알뚜기,, 벌레,,남/여,0.2m,1.0kg,메뚜기포켓몬,벌레의알림, 
0920,엑스레그,, 벌레, 악,남/여,1.0m,17.5kg,메뚜기포켓몬,벌레의알림, 
0921,빠모,, 전기,,남/여,0.3m,2.5kg,쥐포켓몬,정전기,자연회복
0922,빠모트,, 전기, 격투,남/여,0.4m,6.5kg,쥐포켓몬,축전,자연회복
0923,빠르모트,, 전기, 격투,남/여,0.9m,41.0kg,손길포켓몬,축전,자연회복
0924,두리쥐,, 노말,,불명,0.3m,1.8kg,커플포켓몬,도주,픽업
0925,파밀리쥐,세 식구, 노말,,불명,0.3m,2.3kg,패밀리포켓몬,프렌드가드,볼주머니
0925,파밀리쥐,네 식구, 노말,,불명,0.3m,2.8kg,패밀리포켓몬,프렌드가드,볼주머니
0926,쫀도기,, 페어리,,남/여,0.3m,10.9kg,강아지포켓몬,마이페이스, 
0927,바우첼,, 페어리,,남/여,0.5m,14.9kg,개포켓몬,노릇노릇바디, 
0928,미니브,, 풀, 노말,남/여,0.3m,6.5kg,올리브포켓몬,일찍기상, 
0929,올리뇨,, 풀, 노말,남/여,0.6m,11.9kg,올리브포켓몬,일찍기상, 
0930,올리르바,, 풀, 노말,남/여,1.4m,48.2kg,올리브포켓몬,넘치는씨, 
0931,시비꼬,그린 페더, 노말, 비행,남/여,0.6m,2.4kg,잉꼬포켓몬,위협,의욕
0931,시비꼬,블루 페더, 노말, 비행,남/여,0.6m,2.4kg,잉꼬포켓몬,위협,의욕
0931,시비꼬,옐로 페더, 노말, 비행,남/여,0.6m,2.4kg,잉꼬포켓몬,위협,의욕
0931,시비꼬,화이트 페더, 노말, 비행,남/여,0.6m,2.4kg,잉꼬포켓몬,위협,의욕
0932,베베솔트,, 바위,,남/여,0.4m,16.0kg,암염포켓몬,정화의소금,옹골참
0933,스태솔트,, 바위,,남/여,0.6m,105.0kg,암염포켓몬,정화의소금,옹골참
0934,콜로솔트,, 바위,,남/여,2.3m,240.0kg,암염포켓몬,정화의소금,옹골참
0935,카르본,, 불꽃,,남/여,0.6m,10.5kg,불의아이포켓몬,타오르는불꽃, 
0936,카디나르마,, 불꽃, 에스퍼,남/여,1.5m,85.0kg,불의전사포켓몬,타오르는불꽃, 
0937,파라블레이즈,, 불꽃, 고스트,남/여,1.6m,62.0kg,불의검사포켓몬,타오르는불꽃, 
0938,빈나두,, 전기,,남/여,0.3m,0.4kg,전기올챙이포켓몬,마이페이스,정전기
0939,찌리배리,, 전기,,남/여,1.2m,113.0kg,전기개구리포켓몬,전기로바꾸기,정전기
0940,찌리비,, 전기, 비행,남/여,0.4m,3.6kg,바다제비포켓몬,풍력발전,축전
0941,찌리비크,, 전기, 비행,남/여,1.4m,38.6kg,군함조포켓몬,풍력발전,축전
0942,오라티프,, 악,,남/여,0.5m,16.0kg,애송이포켓몬,위협,도주
0943,마피티프,, 악,,남/여,1.1m,61.0kg,두목포켓몬,위협,파수견
0944,땃쭈르,, 독, 노말,남/여,0.2m,0.7kg,독쥐포켓몬,곡예,나쁜손버릇
0945,태깅구르,, 독, 노말,남/여,0.7m,27.2kg,독원숭이포켓몬,곡예,독수
0946,그푸리,, 풀, 고스트,남/여,0.6m,0.6kg,회전초포켓몬,바람타기, 
0947,공푸리,, 풀, 고스트,남/여,1.2m,6.0kg,회전초포켓몬,바람타기, 
0948,들눈해,, 땅, 풀,남/여,0.9m,33.0kg,목이버섯포켓몬,균사의힘, 
0949,육파리,, 땅, 풀,남/여,1.9m,58.0kg,목이버섯포켓몬,균사의힘, 
0950,절벼게,, 바위,,남/여,1.3m,79.0kg,매복포켓몬,분노의껍질,조가비갑옷
0951,캡싸이,, 풀,,남/여,0.3m,3.0kg,하바네로포켓몬,엽록소,불면
0952,스코빌런,, 풀, 불꽃,남/여,0.9m,15.0kg,하바네로포켓몬,엽록소,불면
0953,구르데,, 벌레,,남/여,0.2m,1.0kg,굴리기포켓몬,복안, 
0954,베라카스,, 벌레, 에스퍼,남/여,0.3m,3.5kg,굴리기포켓몬,싱크로, 
0955,하느라기,, 에스퍼,,남/여,0.2m,1.5kg,프릴포켓몬,위험예지,통찰
0956,클레스퍼트라,, 에스퍼,,남/여,1.9m,90.0kg,타조포켓몬,편승,통찰
0957,어리짱,, 페어리, 강철,여,0.4m,8.9kg,대장장이포켓몬,틀깨기,마이페이스
0958,벼리짱,, 페어리, 강철,여,0.7m,59.1kg,해머포켓몬,틀깨기,마이페이스
0959,두드리짱,, 페어리, 강철,여,0.7m,112.8kg,해머포켓몬,틀깨기,마이페이스
0960,바다그다,, 물,,남/여,1.2m,1.8kg,정원장어포켓몬,미끈미끈,주눅
0961,바닥트리오,, 물,,남/여,1.2m,5.4kg,정원장어포켓몬,미끈미끈,주눅
0962,떨구새,, 비행, 악,남/여,1.5m,42.9kg,낙하물포켓몬,부풀린가슴,날카로운눈
0963,맨돌핀,, 물,,남/여,1.3m,60.2kg,돌고래포켓몬,수의베일, 
0964,돌핀맨,나이브폼, 물,,남/여,1.3m,60.2kg,돌고래포켓몬,마이티체인지, 
0964,돌핀맨,마이티폼, 물,,남/여,1.8m,97.4kg,히어로포켓몬,마이티체인지, 
0965,부르롱,, 강철, 독,남/여,1.0m,35.0kg,단기통포켓몬,방진, 
0966,부르르룸,, 강철, 독,남/여,1.8m,120.0kg,다기통포켓몬,방진, 
0967,모토마,, 드래곤, 노말,남/여,1.6m,63.0kg,라이드포켓몬,탈피, 
0968,꿈트렁,, 강철,,남/여,2.5m,310.0kg,지렁이포켓몬,흙먹기, 
0969,초롱순,, 바위, 독,남/여,0.7m,8.0kg,광석포켓몬,독치장, 
0970,킬라플로르,, 바위, 독,남/여,1.5m,45.0kg,광석포켓몬,독치장, 
0971,망망이,, 고스트,,남/여,0.6m,35.0kg,유령개포켓몬,픽업, 
0972,묘두기,, 고스트,,남/여,2.0m,15.0kg,유령개포켓몬,모래헤치기, 
0973,꼬이밍고,, 비행, 격투,남/여,1.6m,37.0kg,싱크로포켓몬,배짱,갈지자걸음
0974,터벅고래,, 얼음,,남/여,1.2m,45.0kg,육지고래포켓몬,두꺼운지방,눈숨기
0975,우락고래,, 얼음,,남/여,4.5m,700.0kg,육지고래포켓몬,두꺼운지방,눈치우기
0976,가비루사,, 물, 에스퍼,남/여,2.5m,90.0kg,분리포켓몬,틀깨기, 
0977,어써러셔,, 물,,남/여,12.0m,220.0kg,큰메기포켓몬,천진,둔감
0978,싸리용,젖힌 모습, 드래곤, 물,남/여,0.3m,8.0kg,의태포켓몬,사령탑, 
0978,싸리용,늘어진 모습, 드래곤, 물,남/여,0.3m,8.0kg,의태포켓몬,사령탑, 
0978,싸리용,뻗은 모습, 드래곤, 물,남/여,0.3m,8.0kg,의태포켓몬,사령탑, 
0979,저승갓숭,, 격투, 고스트,남/여,1.2m,56.0kg,분노숭이포켓몬,의기양양,정신력
0980,토오,, 독, 땅,남/여,1.8m,223.0kg,가시물고기포켓몬,독가시,저수
0981,키키링,, 노말, 에스퍼,남/여,3.2m,160.0kg,긴목포켓몬,되새김질,테일아머
0982,노고고치,두 마디폼, 노말,,남/여,3.6m,39.2kg,땅뱀포켓몬,하늘의은총,도주
0982,노고고치,세 마디폼, 노말,,남/여,4.5m,47.4kg,땅뱀포켓몬,하늘의은총,도주
0983,대도각참,, 악, 강철,남/여,2.0m,120.0kg,대도포켓몬,오기,총대장
0984,위대한엄니,, 땅, 격투,불명,2.2m,320.0kg,패러독스포켓몬,고대활성, 
0985,우렁찬꼬리,, 페어리, 에스퍼,불명,1.2m,8.0kg,패러독스포켓몬,고대활성, 
0986,사나운버섯,, 풀, 악,불명,1.2m,21.0kg,패러독스포켓몬,고대활성, 
0987,날개치는머리,, 고스트, 페어리,불명,1.4m,4.0kg,패러독스포켓몬,고대활성, 
0988,땅을기는날개,, 벌레, 격투,불명,3.2m,92.0kg,패러독스포켓몬,고대활성, 
0989,모래털가죽,, 전기, 땅,불명,2.3m,60.0kg,패러독스포켓몬,고대활성, 
0990,무쇠바퀴,, 땅, 강철,불명,0.9m,240.0kg,패러독스포켓몬,쿼크차지, 
0991,무쇠보따리,, 얼음, 물,불명,0.6m,11.0kg,패러독스포켓몬,쿼크차지, 
0992,무쇠손,, 격투, 전기,불명,1.8m,380.7kg,패러독스포켓몬,쿼크차지, 
0993,무쇠머리,, 악, 비행,불명,1.3m,111.0kg,패러독스포켓몬,쿼크차지, 
0994,무쇠독나방,, 불꽃, 독,불명,1.2m,36.0kg,패러독스포켓몬,쿼크차지, 
0995,무쇠가시,, 바위, 전기,불명,1.6m,303.0kg,패러독스포켓몬,쿼크차지, 
0996,드니차,, 드래곤, 얼음,남/여,0.5m,17.0kg,얼음지느러미포켓몬,열교환, 
0997,드니꽁,, 드래곤, 얼음,남/여,0.8m,30.0kg,얼음지느러미포켓몬,열교환, 
0998,드닐레이브,, 드래곤, 얼음,남/여,2.1m,210.0kg,빙룡포켓몬,열교환, 
0999,모으령,상자폼, 고스트,,불명,0.3m,5.0kg,보물상자포켓몬,주눅, 
1000,타부자고,, 강철, 고스트,불명,1.2m,30.0kg,보물생명체포켓몬,황금몸, 
1001,총지엔,, 악, 풀,불명,1.5m,74.2kg,재액포켓몬,재앙의목간, 
1002,파오젠,, 악, 얼음,불명,1.9m,152.2kg,재액포켓몬,재앙의검, 
1003,딩루,, 악, 땅,불명,2.7m,699.7kg,재액포켓몬,재앙의그릇, 
1004,위유이,, 악, 불꽃,불명,0.4m,4.9kg,재액포켓몬,재앙의구슬, 
1005,고동치는달,, 드래곤, 악,불명,2.0m,380.0kg,패러독스포켓몬,고대활성, 
1006,무쇠무인,, 페어리, 격투,불명,1.4m,35.0kg,패러독스포켓몬,쿼크차지, 
1007,코라이돈,, 격투, 드래곤,불명,2.5m,303.0kg,패러독스포켓몬,진홍빛고동, 
1008,미라이돈,, 전기, 드래곤,불명,3.5m,240.0kg,패러독스포켓몬,하드론엔진, 
0999,모으령,도보폼, 고스트,,불명,0.1m,0.1kg,보물찾기포켓몬,도주, 
0809,멜메탈,거다이맥스의 모습, 강철,,불명,25.0m~,???.?kg,너트포켓몬,철주먹, 
1009,굽이치는물결,, 물, 드래곤,불명,3.5m,280.0kg,패러독스포켓몬,고대활성, 
1010,무쇠잎새,, 풀, 에스퍼,불명,1.5m,125.0kg,패러독스포켓몬,쿼크차지, 
